
CREATE TABLE cliente (
  codigo_cliente int not null identity primary key,
  nombre_cliente varchar(12) DEFAULT NULL,
  email varchar(35) DEFAULT NULL,
  telefono varchar(12) DEFAULT NULL,
  estado bit DEFAULT 0
)

SET IDENTITY_INSERT cliente ON
INSERT INTO cliente (codigo_cliente, nombre_cliente, email, telefono, estado) VALUES (1,'Jorge','jorge@gmail.com','809752-014',1),(2,'Lib','lstandbridge1@springer.com','765-693-5086',0),(4,'Rosalia','rpardey3@intel.com','242-593-4345',1),(5,'Ramirez','sfeldbaum4@hao123.com','488-930-1826',1),(6,'Donia','dlewer5@vk.com','285-199-2719',1),(7,'Richie','rwyllcock6@va.gov','539-872-4578',1),(8,'Ossie','ohaldon7@pbs.org','181-567-2866',1),(9,'Park','plowthorpe8@jiathis.com','865-962-4594',1),(10,'Morie','mgurton9@icq.com','391-814-7455',0),(11,'Amby','abarkwortha@disqus.com','696-445-3138',1),(12,'Donny','dtrevorrowb@rambler.ru','757-206-6352',0),(13,'Sebastian','spipetc@homestead.com','284-377-8535',0),(14,'Aaron','aknattd@indiatimes.com','877-604-3055',0),(15,'Joby','jbithelle@pagesperso-orange.fr','697-914-2291',0),(16,'Kala','kmaymondf@utexas.edu','473-332-4056',0),(17,'Daffie','doulnerg@miitbeian.gov.cn','793-205-1196',1),(18,'Pattin','phalliboneh@usda.gov','609-972-6275',0),(19,'Anna-diana','adrewcliftoni@redcross.org','842-443-0877',1),(20,'Orson','ogrigautj@census.gov','392-464-0922',0),(21,'Darya','ddelahayk@alibaba.com','482-743-0468',0),(22,'Tiphany','twraxalll@shinystat.com','286-201-6988',1),(23,'Mitchel','madriaensm@howstuffworks.com','600-735-5802',1),(24,'Nowell','ncornewelln@usatoday.com','585-760-7934',0),(25,'Rutger','ratwoodo@si.edu','436-112-4017',0),(26,'Alphonse','amaslinp@1und1.de','856-408-7037',1),(27,'Erika','epaddemoreq@cmu.edu','759-111-7422',1),(28,'Lilllie','lhabershonr@twitter.com','673-925-0500',0),(29,'Nigel','neneass@dell.com','633-987-5989',1),(30,'Tarah','tquincet@usnews.com','770-529-1878',0),(31,'Baxy','bmasdenu@npr.org','848-560-8838',0),(32,'Alameda','alymanv@google.com.hk','693-469-0193',0),(33,'Aile','azambonw@seattletimes.com','111-929-0552',0),(34,'Xaviera','xburgwinx@economist.com','870-557-0980',1),(35,'Rickard','rpatrisksony@live.com','588-647-1026',0),(36,'Virgie','vsteinhammerz@themeforest.net','355-238-2879',0),(37,'Alberta','aobispo10@sciencedirect.com','702-595-0200',0),(38,'Valry','vrosenshine11@furl.net','508-124-6662',0),(39,'Tarrah','tbrougham12@nymag.com','762-101-7690',0),(40,'Farra','fllewellin13@accuweather.com','708-454-2470',0),(41,'Dede','dcheyne14@ed.gov','952-157-1437',1),(42,'Alberto','atrace15@hubpages.com','600-537-8722',0),(43,'Marthe','mjantzen16@tripod.com','109-847-2961',0),(44,'Melony','mflippen17@virginia.edu','994-722-2047',0),(45,'Calla','ccomberbeach18@hp.com','322-514-8417',1),(46,'Brooke','bbuttrey19@seattletimes.com','443-904-7756',1),(47,'Josee','jgeator1a@de.vu','769-203-6636',1),(48,'Emanuele','ecroy1b@nih.gov','418-226-7395',1),(49,'Robby','rwelburn1c@de.vu','914-258-1448',1),(50,'Pearline','pospillane1d@stanford.edu','145-567-2612',0),(51,'Westbrook','wchidlow1e@weebly.com','191-812-0499',1),(52,'Arch','atomkin1f@fda.gov','829-938-3646',0),(53,'Caleb','cdenniss1g@behance.net','725-793-1171',1),(54,'Diane','dchamberlin1h@arizona.edu','627-958-7396',0),(55,'Cory','crowsel1i@chicagotribune.com','331-784-7101',0),(56,'Clemmy','cadamiec1j@time.com','202-298-4600',0),(57,'Kayley','kaggiss1k@state.gov','159-203-9487',0),(58,'Jone','jdittson1l@bing.com','255-903-2867',0),(59,'Roddie','rmackison1m@wikipedia.org','943-519-1640',1),(60,'Libbey','lwalaron1n@amazonaws.com','988-562-3879',0),(61,'Shelley','scroydon1o@wisc.edu','202-616-7410',0),(62,'Creight','caron1p@google.pl','167-331-4347',0),(63,'Roscoe','rkildea1q@wikipedia.org','595-589-9412',0),(64,'Isador','ibowles1r@aboutads.info','695-379-6969',1),(65,'Aurelie','abelverstone1s@marketwatch.com','344-870-9326',0),(66,'Gipsy','gdobie1t@wisc.edu','968-537-4494',0),(67,'Lucila','lbrauns1u@whitehouse.gov','948-891-4267',1),(68,'Letizia','locrevy1v@dyndns.org','253-947-7117',1),(69,'Rollin','rthomtson1w@paypal.com','976-492-5940',0),(70,'Shayna','smayger1x@livejournal.com','854-472-7696',1),(71,'Ricky','rberzins1y@dedecms.com','707-996-7621',1),(72,'Genvieve','gforrest1z@wordpress.org','939-361-8941',0),(73,'Nathalie','npember20@ft.com','342-244-7395',1),(74,'Diann','darnaud21@mysql.com','554-768-1251',0),(75,'Carolan','cmacak22@latimes.com','808-736-7222',0),(76,'Karen','kkenvin23@hatena.ne.jp','563-382-2804',0),(77,'Rock','rliddy24@t-online.de','982-915-9201',1),(78,'Danie','dshillitoe25@altervista.org','855-688-3076',0),(79,'Guillaume','gtainton26@cloudflare.com','347-907-7583',1),(80,'Bevon','bginni27@yahoo.com','579-652-6008',1),(81,'Lucais','lrenvoise28@howstuffworks.com','322-285-3907',0),(82,'Yorker','ybeckford29@bbb.org','213-406-3094',0),(83,'Amabel','astorrie2a@illinois.edu','148-946-9644',0),(84,'Berton','bfoldes2b@economist.com','312-246-6755',1),(85,'Kippie','khagart2c@cbsnews.com','361-125-6557',0),(86,'Hermie','hpuckett2d@com.com','734-447-9371',1),(87,'Kristoforo','kchandlar2e@ebay.com','850-723-0640',0),(88,'Adria','areisenstein2f@comcast.net','265-236-9895',1),(89,'Orville','oellingworth2g@telegraph.co.uk','496-307-0951',0),(90,'Lauren','lhelks2h@bloglines.com','281-982-4283',0),(91,'Alphonse','apoleykett2i@ifeng.com','883-924-3261',1),(92,'Madelaine','mesland2j@globo.com','332-543-3172',1),(93,'Rickey','rrodbourne2k@github.com','108-389-1866',1),(94,'Abe','acutajar2l@umich.edu','465-236-6562',1),(95,'Vlad','vspleving2m@php.net','224-390-2416',1),(96,'Pansie','pfassan2n@ox.ac.uk','261-635-0172',0),(97,'Kaylil','kpring2o@oaic.gov.au','916-889-4101',1),(98,'Innis','ilegrove2p@irs.gov','570-333-5652',0),(99,'Corrine','cambresin2q@netscape.com','621-249-2294',0),(100,'Matti','mray2r@yandex.ru','760-499-7991',0),(101,'Krystle','kcash2s@earthlink.net','783-261-6802',0),(102,'Shanan','sponcet2t@squidoo.com','469-510-9983',0),(103,'Tuckie','tkerfoot2u@free.fr','211-445-0733',1),(104,'Richardo','rpopham2v@ocn.ne.jp','153-316-0969',1),(105,'Port','psteketee2w@sciencedirect.com','718-161-0536',1),(106,'Concettina','chigginbottam2x@w3.org','982-586-7126',1),(107,'Torin','tmacnaughton2y@fastcompany.com','230-198-2860',1),(108,'Randolf','rmahody2z@sun.com','675-116-0449',0),(109,'Augustus','atrimble30@360.cn','312-113-8871',0),(110,'Josi','jvasyutkin31@wired.com','570-662-8613',1),(111,'Barrie','bdenormanville32@vimeo.com','700-106-5491',0),(112,'Betta','bgregg33@fastcompany.com','547-347-2687',0),(113,'Halette','hboddam34@blogtalkradio.com','440-602-6830',0),(114,'Petra','pferreira35@nationalgeographic.com','217-881-8805',0),(115,'Burk','bbozier36@theglobeandmail.com','741-171-3329',1),(116,'Blaine','bslimme37@spotify.com','394-296-1760',1),(117,'Benedick','bfoden38@icio.us','679-710-5513',1),(118,'Chrystel','cdumbar39@nationalgeographic.com','359-172-1124',1),(119,'Brooke','bsallery3a@ycombinator.com','264-991-8193',0),(120,'Caye','cyanuk3b@prlog.org','822-132-1589',0),(121,'Candis','cspaduzza3c@blogger.com','531-530-2924',1),(122,'Sibeal','skubelka3d@trellian.com','514-953-0619',0),(123,'Issy','ipatty3e@nsw.gov.au','654-121-1202',1),(124,'Aymer','acrichley3f@topsy.com','323-707-0623',1),(125,'Lauralee','lbroadbear3g@feedburner.com','320-686-7192',1),(126,'Keene','kwetwood3h@umn.edu','189-254-0290',0),(127,'Billye','bbischoff3i@google.it','551-522-2648',0),(128,'Lenore','lstucksbury3j@miitbeian.gov.cn','514-566-9060',1),(129,'Natalie','nmanvell3k@npr.org','268-408-4434',1),(130,'Trudie','tbriamo3l@walmart.com','461-102-3271',0),(131,'Shelby','swittier3m@microsoft.com','958-829-5305',0),(132,'Ofelia','obracken3n@foxnews.com','715-231-1932',0),(133,'Roderich','rlovatt3o@hatena.ne.jp','561-316-9736',0),(134,'Huntlee','hmatuschek3p@irs.gov','295-660-4503',1),(135,'Norma','nsigge3q@scribd.com','381-389-7265',0),(136,'Hillary','hbuff3r@nyu.edu','810-273-9070',1),(137,'Jefferey','jparren3s@oracle.com','734-872-2147',0),(138,'Winnifred','wdevas3t@purevolume.com','841-433-6264',0),(139,'Haily','hvials3u@nydailynews.com','947-176-8528',0),(140,'Miller','mrobbings3v@opera.com','910-844-8443',0),(141,'Brenn','bredsull3w@photobucket.com','379-237-0946',1),(142,'Tammie','tfrowing3x@guardian.co.uk','891-194-0000',0),(143,'Gare','gwooderson3y@si.edu','431-694-1080',1),(144,'Corbet','cbussey3z@surveymonkey.com','770-234-8301',1),(145,'Emerson','educker40@goo.gl','720-273-0236',1),(146,'Abbott','aakred41@pbs.org','557-227-0590',0),(147,'Esteban','evaulkhard42@jalbum.net','295-193-1356',0),(148,'Zelig','zkanwell43@typepad.com','401-875-5241',0),(149,'Lamond','lvineall44@discuz.net','855-261-9605',1),(150,'Iggie','istolberger45@comcast.net','399-517-6776',1),(151,'Honey','hbyrne46@360.cn','916-884-1009',0),(152,'Abbey','afrith47@skyrock.com','377-972-8120',1),(153,'Dorey','dtapenden48@nyu.edu','785-346-8112',0),(154,'Rance','rhenden49@washingtonpost.com','873-981-6143',1),(155,'Leanora','lmcpake4a@facebook.com','335-822-3737',1),(156,'Faustina','fbannon4b@icio.us','170-168-3760',0),(157,'Huey','hcavolini4c@yahoo.co.jp','252-271-6770',0),(158,'Ashleigh','averna4d@mtv.com','330-428-2810',1),(159,'Gavrielle','gfalkinder4e@npr.org','447-782-1984',1),(160,'Papageno','prapps4f@wordpress.org','176-457-1358',1),(161,'Lorens','lcullerne4g@who.int','459-353-3192',1),(162,'Marnia','mruecastle4h@guardian.co.uk','993-369-9489',1),(163,'Phedra','pjerram4i@usa.gov','790-409-3778',0),(164,'Basile','bwadworth4j@parallels.com','880-203-0835',0),(165,'Zed','zhollows4k@domainmarket.com','146-582-4954',1),(166,'Belle','bboyne4l@oaic.gov.au','900-671-4516',1),(167,'Jerrie','jgwillym4m@goodreads.com','400-453-6230',1),(168,'Tedie','tbrissard4n@epa.gov','525-229-4043',1),(169,'Gayelord','glynn4o@themeforest.net','817-587-5192',0),(170,'Colas','cdutteridge4p@nasa.gov','165-175-7617',1),(171,'Vern','vkesley4q@google.co.uk','141-586-5296',0),(172,'Waverley','wpuddle4r@hatena.ne.jp','367-860-9490',1),(173,'Borg','bkupke4s@sogou.com','323-751-9577',0),(174,'Renard','rfreire4t@independent.co.uk','554-615-5702',0),(175,'Merna','mharsnipe4u@technorati.com','464-176-4575',0),(176,'Andrea','acappleman4v@homestead.com','416-160-2605',1),(177,'Nikolia','nrobus4w@blogspot.com','886-693-8043',0),(178,'Elsy','eboshers4x@intel.com','485-591-5730',0),(179,'Kelwin','klabern4y@youku.com','851-261-1910',1),(180,'Dorree','dtaye4z@stanford.edu','904-210-3104',0),(181,'Towny','trounce50@cargocollective.com','525-762-1264',1),(182,'Tad','tmccurlye51@hao123.com','733-807-3364',0),(183,'Prudence','pcutbush52@sina.com.cn','275-567-1918',1),(184,'Yuri','yskentelbury53@symantec.com','383-500-9080',1),(185,'Harv','hfriday54@eventbrite.com','648-239-5952',1),(186,'Marybeth','mcordobes55@businessinsider.com','727-908-3118',0),(187,'Judd','jburnsyde56@cam.ac.uk','134-571-7933',1),(188,'Gaven','glowe57@bigcartel.com','820-213-6182',0),(189,'Laurena','ldunmore58@imgur.com','964-518-7099',1),(190,'Geri','glaybourn59@intel.com','537-310-7757',0),(191,'Dunstan','ddumbreck5a@wunderground.com','275-593-1591',0),(192,'Alysia','aswindell5b@illinois.edu','844-389-6995',1),(193,'Scot','shatcher5c@hatena.ne.jp','881-693-1936',0),(194,'Kimberley','kkisby5d@irs.gov','388-170-3796',1),(195,'Lurleen','lelloy5e@wordpress.com','338-727-5496',1),(196,'Reinold','rclaypole5f@hp.com','786-721-0865',0),(197,'Noby','ngores5g@wired.com','333-964-4970',1),(198,'Corry','cmichelotti5h@nps.gov','303-481-1370',0),(199,'Hobey','hmobbs5i@tumblr.com','546-477-6418',0),(200,'Morty','mpauluzzi5j@google.com.br','252-359-8307',1),(201,'Bradley','bkennet5k@slashdot.org','950-492-3250',1),(202,'Yasmin','yjerger5l@creativecommons.org','368-261-9952',0),(203,'Mahmud','mchadburn5m@vimeo.com','603-791-8193',1),(204,'Faunie','flithgow5n@census.gov','641-231-1075',1),(205,'Wenda','wmayers5o@illinois.edu','162-838-2926',0),(206,'Aurora','acrinkley5p@psu.edu','160-533-0244',0),(207,'Staci','sgerman5q@clickbank.net','955-592-4646',1),(208,'Lydie','laicheson5r@mapquest.com','404-694-8854',1),(209,'Fletch','ffillary5s@reverbnation.com','296-745-2669',1),(210,'Barty','bcrowe5t@unblog.fr','378-242-7973',0),(211,'Mahala','mcloney5u@icq.com','984-295-7429',0),(213,'Veradis','vskedgell5w@123-reg.co.uk','449-960-2624',0),(214,'Maje','mmccoll5x@abc.net.au','593-735-6759',1),(215,'Sollie','srampling5y@printfriendly.com','615-663-2638',0),(216,'Carin','cratray5z@aol.com','842-121-7112',0),(217,'Lamond','landrioni60@apple.com','593-767-8123',0),(218,'Jonah','jasif61@tamu.edu','219-950-8567',1),(219,'Herta','hjarmaine62@google.pl','914-665-5431',0),(220,'Garnette','gcheales63@yahoo.com','328-860-7014',1),(221,'Kit','khackey64@thetimes.co.uk','637-284-9952',0),(222,'Brocky','bshuard65@uol.com.br','156-829-4984',0),(223,'Raquela','ralfonsini66@wiley.com','450-759-9636',0),(224,'Betta','bquickenden67@sun.com','324-739-8069',0),(225,'Aurel','abruckman68@washington.edu','665-199-2802',0),(226,'Bob','bprescott69@nba.com','638-582-2262',1),(227,'Jim','jgrishakin6a@un.org','986-915-2219',1),(228,'Horace','hmccrossan6b@lycos.com','249-226-5866',1),(229,'Misti','mpau6c@youtube.com','879-769-1142',0),(230,'Humphrey','hbutner6d@goodreads.com','406-882-5661',0),(231,'Kacie','kbrilleman6e@alibaba.com','819-356-8269',0),(232,'Willey','wheber6f@latimes.com','510-479-3724',1),(233,'Almira','abeckwith6g@trellian.com','888-520-2354',0),(234,'Dalli','dklagge6h@issuu.com','543-539-0679',1),(235,'Denise','dhamshaw6i@ucoz.com','888-990-2728',0),(236,'Udale','uwealleans6j@ted.com','300-134-8040',0),(237,'Sanders','sdisman6k@sourceforge.net','404-550-0337',1),(238,'Alayne','acarlone6l@geocities.jp','571-616-9625',0),(239,'Diahann','ddrynan6m@marriott.com','863-433-0361',1),(240,'Nicolis','nciotto6n@phoca.cz','995-424-1379',0),(241,'Freida','fbeeck6o@arizona.edu','930-872-5489',0),(242,'Hagan','hbraisted6p@home.pl','659-533-2148',1),(243,'Jacquelyn','jfeather6q@surveymonkey.com','277-614-6065',1),(244,'Nikolai','nmarusyak6r@hibu.com','724-145-9891',0),(245,'Amby','anealey6s@lulu.com','135-573-9483',1),(246,'Jocelin','jscrimgeour6t@yandex.ru','918-636-6365',0),(247,'Maddy','mhabbema6u@usa.gov','156-545-3014',0),(248,'Dela','dlayne6v@sitemeter.com','193-161-5171',1),(249,'Arabel','aashlee6w@nbcnews.com','751-697-9861',0),(250,'Aluino','awidmore6x@xing.com','278-672-9725',1),(251,'Sydel','scandlish6y@wix.com','957-910-4255',1),(252,'Amabel','adymond6z@paypal.com','471-691-9566',0),(253,'Bertrand','bsnoxall70@example.com','607-804-8623',0),(254,'Pavia','pmunkley71@wufoo.com','901-680-3786',0),(255,'Reynolds','rtreagus72@businessweek.com','227-636-2701',0),(256,'Ewart','egellert73@xrea.com','930-908-8307',1),(257,'Artus','akabos74@army.mil','543-536-1512',1),(258,'Anastasia','astickley75@studiopress.com','231-481-4282',1),(259,'Ester','eeagleston76@opensource.org','449-500-6422',0),(260,'Martguerita','mboost77@livejournal.com','177-657-7540',1),(261,'Von','vberrane78@npr.org','203-162-5980',1),(262,'Alexis','aathy79@timesonline.co.uk','280-878-7813',1),(263,'Ignazio','icrandon7a@vk.com','300-396-6803',1),(264,'Frazer','fworsfold7b@hhs.gov','697-922-5788',0),(265,'Cassie','cramelot7c@sohu.com','467-682-6233',0),(266,'Nollie','nviccary7d@dropbox.com','218-336-6275',1),(267,'Wilmar','wgilardoni7e@samsung.com','392-365-1342',0),(268,'Gerry','gfigin7f@wisc.edu','574-794-3512',0),(269,'Ursula','ubote7g@theguardian.com','951-257-5703',0),(270,'Shandy','smcmurraya7h@elegantthemes.com','736-118-1861',1),(271,'Patrica','pdebanke7i@miibeian.gov.cn','503-918-4357',0),(272,'Mitchel','mgerbel7j@ifeng.com','229-536-0032',0),(273,'Tally','tsimionato7k@example.com','707-113-1758',0),(274,'Elva','eplues7l@ebay.com','603-168-8138',0),(275,'Glenda','gtalks7m@fc2.com','564-520-1777',1),(276,'Elie','elongrigg7n@latimes.com','761-208-9363',0),(277,'Gwyneth','gchartre7o@mit.edu','898-685-8876',0),(278,'Cesya','cmatuszynski7p@myspace.com','646-333-0147',1),(279,'Ina','iwickling7q@cam.ac.uk','129-429-6476',1),(280,'Amelina','adreigher7r@hatena.ne.jp','437-998-0931',0),(281,'Clerc','cweatherburn7s@home.pl','563-472-7365',0),(282,'Berny','bleggate7t@globo.com','854-518-9154',1),(283,'Anson','apaolino7u@dropbox.com','972-715-0177',1),(284,'Gilberta','gcourtliff7v@cafepress.com','212-100-0241',0),(285,'Gisella','gmcilwreath7w@globo.com','282-652-5948',1),(286,'Ernst','ebulch7x@earthlink.net','334-805-7590',0),(287,'Godart','gdaley7y@cbc.ca','273-784-3937',0),(288,'Amabelle','abradborne7z@scientificamerican.com','320-720-7224',1),(289,'Michelina','msouthwell80@google.nl','749-661-4134',0),(290,'Herve','hmontford81@ameblo.jp','528-701-2591',1),(291,'Marleen','mcutchie82@skype.com','240-636-9054',0),(292,'Chris','calman83@bigcartel.com','737-434-5473',1),(293,'Roddy','roscallan84@behance.net','897-595-5590',0),(294,'Jay','jcohalan85@foxnews.com','736-975-4815',1),(295,'Thoma','tenefer86@quantcast.com','110-190-6498',1),(296,'Mei','mgratland87@i2i.jp','672-210-5120',1),(297,'Ysabel','ymcphilip88@edublogs.org','443-328-0802',0),(298,'Danny','dcamellini89@slate.com','989-135-5611',0),(299,'Claudette','cpopworth8a@biglobe.ne.jp','343-278-9735',0),(300,'Maressa','mwaggatt8b@tmall.com','135-462-5457',0),(301,'Abbey','avolke8c@moonfruit.com','741-122-2413',1),(302,'Zechariah','zdodworth8d@booking.com','310-210-1847',0),(303,'Christiane','cpack8e@friendfeed.com','845-823-2088',1),(304,'Garner','grisso8f@etsy.com','968-156-7178',1),(305,'Gabriel','ghollyland8g@msu.edu','807-591-5644',0),(306,'Magda','mvanyarkin8h@fastcompany.com','868-220-9103',0),(307,'Vidovic','veard8i@acquirethisname.com','502-729-7667',0),(308,'Angelika','adebeauchemp8j@cbslocal.com','907-960-1556',1),(309,'Joan','jcarnduff8k@indiatimes.com','662-731-5963',1),(310,'Clifford','cadamiak8l@tinypic.com','816-727-0716',1),(311,'Bogey','bfencott8m@freewebs.com','978-320-0513',1),(312,'Bryant','bimorts8n@mediafire.com','361-694-7727',1),(313,'Nertie','nhoggetts8o@yellowbook.com','813-715-3698',1),(314,'Napoleon','noutright8p@tiny.cc','639-506-4012',1),(315,'Stinky','sdjokic8q@wikipedia.org','740-784-1436',1),(316,'Sosanna','sdebiaggi8r@livejournal.com','807-388-5414',0),(317,'Prent','pspeers8s@google.ca','158-515-1943',1),(318,'Delaney','dmarfe8t@gmpg.org','328-229-8874',1),(319,'Zed','zrimell8u@oracle.com','977-581-2741',1),(320,'Bartholemy','barsey8v@unblog.fr','635-208-5913',1),(321,'Brenna','bleggin8w@fc2.com','913-591-7078',0),(322,'Sharl','sallan8x@nydailynews.com','767-532-6691',0),(323,'Dorelia','doldnall8y@blinklist.com','178-932-2951',0),(324,'Annemarie','ayukhtin8z@google.co.uk','415-334-6665',1),(325,'Tabbie','tmountlow90@squidoo.com','427-463-6542',0),(326,'Hobart','hduding91@netvibes.com','761-868-1161',1),(327,'Dodi','dberriball92@angelfire.com','451-381-8870',1),(328,'Daisey','dmccoish93@storify.com','170-180-1426',0),(329,'Erroll','ecowton94@smugmug.com','850-226-9036',1),(330,'Launce','lpechet95@mtv.com','320-803-1756',1),(331,'Victor','vlongthorn96@163.com','795-712-0881',1),(332,'Hagan','hleat97@cnet.com','798-487-9116',1),(333,'Dorie','dcleveland98@gravatar.com','924-301-4837',0),(334,'Remington','rbatrop99@theglobeandmail.com','327-950-5391',1),(335,'Sayre','sismead9a@uol.com.br','425-701-4140',1),(336,'Carlin','crao9b@discuz.net','472-362-9010',1),(337,'Clarice','cdowtry9c@51.la','659-495-7940',1),(338,'Lucky','lstoffel9d@nsw.gov.au','136-712-9575',0),(339,'Taber','tgude9e@google.com.au','808-948-9614',0),(340,'Dodi','dhadye9f@taobao.com','551-874-4255',1),(341,'Archibold','againeofengland9g@ebay.co.uk','374-291-9743',0),(342,'Deloris','dwyss9h@prnewswire.com','889-518-2287',0),(343,'Ripley','rteale9i@wikispaces.com','174-566-3887',0),(344,'Doralyn','deales9j@squidoo.com','497-414-0398',0),(345,'Pia','pfassman9k@gnu.org','244-726-6592',0),(346,'Regan','rdupoy9l@tmall.com','299-337-7122',1),(347,'Rudolf','rcoaker9m@indiatimes.com','177-144-5942',1),(348,'Aluino','acrane9n@dyndns.org','138-601-5073',0),(349,'Torrey','twillford9o@blinklist.com','473-369-5754',0),(350,'Kamillah','kmacclure9p@t-online.de','619-998-9442',0),(351,'Fleurette','fstobart9q@addtoany.com','884-506-5822',0),(352,'Livy','lfatharly9r@sfgate.com','127-983-3239',1),(353,'Renault','rnethercott9s@github.io','414-902-8990',1),(354,'Matteo','mcorner9t@youku.com','351-484-7271',1),(355,'Fanni','ftipper9u@indiegogo.com','615-599-1382',0),(356,'Casey','cbilsland9v@ted.com','126-297-2685',0),(357,'Rollins','rtownsley9w@msn.com','670-508-4589',1),(358,'Emmi','eskeermer9x@redcross.org','547-894-0400',0),(359,'Eddy','elaraway9y@hibu.com','510-321-5343',1),(360,'Shayne','smitchelmore9z@wufoo.com','190-311-0177',1),(361,'Happy','hchristona0@newsvine.com','972-219-0603',0),(362,'Shanta','semblema1@miibeian.gov.cn','255-649-1627',0),(363,'Kathryne','kjeandela2@hibu.com','211-781-9308',0),(364,'Serena','sleveretta3@purevolume.com','360-186-4279',0),(365,'Archy','adurrada4@meetup.com','870-666-1948',1),(366,'Mame','mwhiteleya5@yale.edu','307-420-0420',0),(367,'Garvin','gpatilloa6@technorati.com','211-114-4741',0),(368,'Beth','bmacknockera7@marketwatch.com','254-179-5287',1),(369,'Bevan','bmerrywethera8@free.fr','309-914-8732',0),(370,'Bidget','bwhittenburya9@goodreads.com','649-296-6768',0),(371,'Alicia','afluckeraa@acquirethisname.com','807-931-6169',1),(372,'Armstrong','apymmab@bing.com','510-207-6270',0),(373,'Daryle','dhaddletonac@blogs.com','209-590-2340',1),(374,'Randolph','rblackledgead@is.gd','806-919-9896',1),(375,'Iggy','iquippae@smugmug.com','959-598-4895',1),(376,'Armstrong','agodrichaf@craigslist.org','579-825-3366',0),(377,'Boote','bwroathag@ustream.tv','744-228-0629',1),(378,'Marjory','mgwalterah@sitemeter.com','261-664-7161',1),(379,'Jere','jfreddiai@livejournal.com','905-277-6158',0),(380,'Ruttger','rcorshamaj@uol.com.br','527-480-0444',1),(381,'Stacie','sbrockettak@devhub.com','540-572-1998',1),(382,'Janka','jlarsal@hatena.ne.jp','801-249-2817',0),(383,'Ole','okeeam@soundcloud.com','282-821-3259',1),(384,'Lucien','lvedeniktovan@webs.com','162-388-1229',1),(385,'Kiley','khuntingao@ning.com','385-668-5121',0),(386,'Desi','dgudginap@fc2.com','670-967-2046',0),(387,'Martynne','mpadellaq@ocn.ne.jp','613-151-8855',0),(388,'Erda','esackesar@imageshack.us','203-709-5111',1),(389,'Celia','cbroschas@ihg.com','797-253-1031',1),(390,'Lilia','lpitkeathlyat@xinhuanet.com','884-263-7591',0),(391,'Bettye','bordemannau@t-online.de','123-345-6732',0),(392,'Raddy','rcrathorneav@cbc.ca','425-199-7864',0),(393,'Felic','fhentzeleraw@squidoo.com','515-404-3413',0),(394,'Constantine','cfowellsax@ameblo.jp','598-599-2459',1),(395,'Ajay','agerardetay@sciencedirect.com','888-552-4198',0),(396,'Natassia','npoffaz@t-online.de','963-453-4153',0),(397,'Denys','draseb0@rambler.ru','818-825-4525',0),(398,'Noll','nsinyardb1@narod.ru','254-557-9283',0),(399,'Kelsi','kcoleshillb2@psu.edu','629-912-5701',1),(400,'Ludvig','ldufourb3@time.com','924-116-2057',0),(401,'Hildy','hthornallyb4@wisc.edu','615-662-3650',1),(402,'Babita','bcolreinb5@cdc.gov','883-879-9604',1),(403,'Clotilda','csenecautb6@a8.net','200-402-6194',0),(404,'Gherardo','gaizlewoodb7@paginegialle.it','956-613-6936',1),(405,'Nowell','nrussilllb8@msu.edu','296-309-2436',1),(406,'Gusty','gpereirab9@mysql.com','941-391-3856',1),(407,'Christiane','catcherleyba@businessweek.com','264-301-7658',1),(408,'Babs','balebrookebb@com.com','617-461-1322',1),(409,'Nahum','nkordasbc@apache.org','164-753-3125',0),(410,'Juliann','jjoncicbd@delicious.com','851-546-3842',1),(411,'Pierre','pevansonbe@reverbnation.com','173-807-2614',0),(412,'Vanessa','vkearybf@geocities.jp','640-710-4185',0),(413,'Juli','jrapseybg@google.it','319-195-0425',1),(414,'Tammy','tkoppelmannbh@jugem.jp','440-342-3519',0),(415,'Terri','tbuddlebi@youku.com','970-672-9406',0),(416,'Marguerite','mbrettelbj@rakuten.co.jp','362-402-2686',1),(417,'Jobi','jgleybk@dmoz.org','656-668-2877',0),(418,'Marve','mnazairbl@posterous.com','178-973-0960',1),(419,'Janel','jwarrillowbm@virginia.edu','403-995-2621',1),(420,'Deeyn','deastcottbn@disqus.com','384-812-9085',1),(421,'Lissi','lwallacebo@ebay.co.uk','861-966-5388',0),(422,'Rowney','rfellowbp@mail.ru','757-996-2576',0),(423,'Skippie','srollbq@stanford.edu','681-401-2983',1),(424,'Elenore','estapelsbr@npr.org','111-776-2926',0),(425,'Allayne','ajocicbs@nsw.gov.au','863-854-4172',1),(426,'Vivianne','vsnoxillbt@cmu.edu','167-620-8597',0),(427,'Agnola','abarenskybu@odnoklassniki.ru','342-385-4029',1),(428,'Lucky','lpettingallbv@tiny.cc','136-743-2099',0),(429,'Sollie','srothchildbw@themeforest.net','885-660-5941',1),(430,'Solomon','sagnolobx@tripadvisor.com','814-211-9607',0),(431,'Simone','sgabbotby@tmall.com','242-460-8084',0),(432,'Chantalle','cmcdellbz@i2i.jp','547-275-6593',0),(433,'Shayne','sluggc0@jugem.jp','288-909-8641',0),(434,'Barry','bgoodsirc1@kickstarter.com','659-977-1097',0),(435,'Ruthe','rovettc2@instagram.com','434-597-9330',0),(436,'Aurelea','afarnesc3@skyrock.com','591-720-9259',0),(437,'Wilma','wstallworthyc4@pen.io','614-715-7753',1),(438,'Marielle','mkeetingc5@microsoft.com','238-735-8018',1),(439,'Sawyer','smablestonec6@eepurl.com','338-294-8257',1),(440,'Nike','nantonyc7@ocn.ne.jp','955-133-1604',0),(441,'Mattias','mrabidgec8@shareasale.com','614-176-4843',0),(442,'Mar','mgiacobilioc9@dagondesign.com','264-749-5863',0),(443,'Park','pdringca@dedecms.com','346-100-4571',0),(444,'Virgilio','vbarnbrookcb@gov.uk','272-452-4588',0),(445,'Joete','jaleswellcc@census.gov','595-661-1409',1),(446,'Clari','crollercd@csmonitor.com','134-541-9278',0),(447,'Gus','gblackwoodce@virginia.edu','821-821-1476',1),(448,'Desiree','drowswellcf@drupal.org','304-107-2360',0),(449,'Rici','rlondorscg@mapquest.com','663-971-6134',1),(450,'Alvinia','asilvesterch@edublogs.org','495-235-0548',1),(451,'Bobby','bgrimmolbyci@fda.gov','556-264-4893',1),(452,'Rriocard','roxladecj@netscape.com','495-472-4634',1),(453,'Garrett','gziemkeck@reference.com','130-573-6843',0),(454,'Larina','lworkcl@rakuten.co.jp','203-476-9404',0),(455,'Lyndell','lwaddinghamcm@wordpress.com','502-870-8596',0),(456,'Faith','fkinlockcn@engadget.com','319-189-7346',1),(457,'Hannis','hplevinco@reference.com','657-338-6843',1),(458,'Abby','afargiecp@dropbox.com','585-226-5104',1),(459,'Rosalinda','rdobiecq@google.cn','865-825-3351',1),(460,'Teddy','tnaccicr@prnewswire.com','929-902-3843',1),(461,'Eadmund','epharrowcs@sourceforge.net','487-574-4881',0),(462,'Ardenia','amilehamct@123-reg.co.uk','766-957-6118',0),(463,'Theodoric','talberycu@sciencedirect.com','311-848-8731',0),(464,'George','gcrightoncv@163.com','158-489-6624',1),(465,'Gerhardt','glimpennycw@ycombinator.com','490-500-1909',0),(466,'Maurise','mphilotcx@sciencedirect.com','803-597-0309',0),(467,'Alfreda','achampagnecy@domainmarket.com','767-806-9050',1),(468,'Selena','srennebachcz@usgs.gov','522-115-1769',1),(469,'Ericka','eknottd0@amazon.de','799-884-7655',0),(470,'Tobit','tmardlingd1@g.co','170-224-7781',1),(471,'Davine','dromansd2@cbsnews.com','770-174-3371',0),(472,'Missy','msessunsd3@loc.gov','976-981-3030',1),(473,'Joell','jtheussd4@slashdot.org','584-347-5498',0),(474,'Marty','mboutflourd5@bigcartel.com','894-130-6251',0),(475,'Rivalee','rstuddersd6@fotki.com','142-930-9994',0),(476,'Petronille','pletteressed7@oakley.com','114-887-9352',1),(477,'Rex','rrosensaftd8@skype.com','453-405-2974',1),(478,'Clementia','cminghettid9@instagram.com','188-707-7851',1),(479,'Timoteo','tmaffeida@unesco.org','998-857-3623',0),(480,'Phillie','pconrydb@census.gov','386-301-4424',1),(481,'Antonella','amarchantdc@ehow.com','416-160-9149',1),(482,'Anselma','aaspdd@dyndns.org','849-140-7756',0),(483,'Colly','cshowende@example.com','843-487-2830',1),(484,'Jo','jpurveysdf@businessinsider.com','447-313-3063',0),(485,'Mariejeanne','mdumphreysdg@cpanel.net','417-913-2316',0),(486,'Emmery','edefonddh@washington.edu','700-987-8036',0),(487,'Doti','drabbittsdi@blogtalkradio.com','500-302-8137',0),(488,'Joanna','jjillionsdj@howstuffworks.com','738-602-9965',1),(489,'Zonnya','zmanselldk@goodreads.com','624-319-8419',0),(490,'Brigit','bscapelhorndl@prnewswire.com','271-538-0673',1),(491,'Friedrick','fpalethorpedm@ycombinator.com','278-654-5760',1),(492,'Virgina','vmcnaughtdn@nifty.com','352-784-9217',0),(493,'Krishnah','khumphrisdo@telegraph.co.uk','837-279-9771',1),(494,'Olenka','ocollingtondp@dot.gov','226-850-9528',0),(495,'Raye','rspenslydq@squidoo.com','911-592-4262',1),(496,'Derrick','dkalkhovendr@wiley.com','213-749-7518',0),(497,'Dory','dpollends@thetimes.co.uk','202-262-7198',1),(498,'Jaime','jwinspiredt@whitehouse.gov','215-619-4798',0),(499,'Viva','vkemwalldu@fema.gov','703-442-2860',0),(500,'Anya','anormavelldv@hatena.ne.jp','201-783-0576',0),(501,'Grazia','gcrierdw@technorati.com','473-274-3399',1),(502,'Latrina','ltattershalldx@jiathis.com','207-316-7234',0),(503,'Peyter','pdresseldy@eventbrite.com','402-361-9546',1),(504,'Gerianna','gsiemianowiczdz@europa.eu','275-274-4198',1),(505,'Veronika','vbloode0@opera.com','864-468-0951',0),(506,'Meredith','mcromette1@jigsy.com','669-518-9121',1),(507,'Carma','cohagane2@soup.io','601-263-9301',0),(508,'Maddi','mgrandine3@imgur.com','464-400-7529',1),(509,'Meara','mvedeniktove4@spotify.com','303-929-5896',0),(510,'Rosabella','rmerricke5@canalblog.com','189-248-4801',1),(511,'Barny','bdanye6@forbes.com','670-729-0894',0),(512,'Ashla','acapinie7@addthis.com','804-819-0331',1),(513,'Beverlie','bdobbine8@ed.gov','619-695-0009',1),(514,'Agretha','abultere9@xrea.com','159-654-2384',1),(515,'Rois','rrendellea@phpbb.com','319-474-2738',1),(516,'Winifield','wedmundseb@addtoany.com','111-341-0509',1),(517,'Aurora','aboasec@nymag.com','929-727-5984',1),(518,'Harris','hcockshuted@washington.edu','454-138-0170',1),(519,'Ade','afrigoutee@wikipedia.org','873-209-3398',0),(520,'Iggie','ioakwoodef@sciencedaily.com','103-454-9742',1),(521,'Marion','mspurryereg@joomla.org','666-535-4713',0),(522,'Shem','sdraineh@google.co.uk','980-356-2538',1),(523,'Hervey','hfynesei@tripod.com','703-284-7886',1),(524,'Alyson','apoolmanej@harvard.edu','480-717-6344',0),(525,'Maximilian','mfairrieek@qq.com','799-243-1910',0),(526,'Elisha','eskillenel@google.co.jp','605-297-7409',1),(527,'Almeda','akitchingmanem@stanford.edu','747-357-1275',1),(528,'Jaime','jludyeen@weather.com','468-839-0578',0),(529,'Flint','flambertoneo@hatena.ne.jp','871-597-5982',1),(530,'Yasmeen','yandriep@wsj.com','425-779-7551',1),(531,'Leonie','lsallingseq@weather.com','968-950-4774',1),(532,'Koren','kdelgadoer@123-reg.co.uk','921-467-1318',0),(533,'Rickey','rbohjees@google.ca','828-463-0886',0),(534,'Sibylle','ssmurfitet@zimbio.com','776-850-1255',0),(535,'Sutherlan','styremaneu@elegantthemes.com','376-610-0740',1),(536,'Cad','ccuniamev@bizjournals.com','954-292-6805',0),(537,'Angus','amcshirrieew@usda.gov','933-524-4440',0),(538,'Garvy','gfrichleyex@buzzfeed.com','491-464-3032',1),(539,'Hank','hmiddelley@scientificamerican.com','974-970-4488',1),(540,'Erminie','esnasdellez@cbc.ca','757-149-2015',1),(541,'Roseanna','rtrickeyf0@soup.io','494-227-2975',0),(542,'Rodrick','rtomesf1@amazon.co.jp','218-894-1986',1),(543,'Bridget','bjanousf2@pcworld.com','766-595-8777',0),(544,'Jemimah','jmitchallf3@tinypic.com','802-839-8290',1),(545,'Alvinia','aflaonierf4@istockphoto.com','431-965-2397',1),(546,'Wally','wlindf5@nydailynews.com','254-981-0549',0),(547,'Erna','esudyf6@surveymonkey.com','735-932-9029',1),(548,'Raul','rtarquinif7@cbc.ca','447-509-2219',1),(549,'Rhianna','rhaberfieldf8@sphinn.com','992-434-3790',0),(550,'Alberta','amullalyf9@technorati.com','140-567-6209',0),(551,'Barris','bpackwoodfa@reddit.com','159-811-3709',0),(552,'Daryl','dbulliventfb@sun.com','814-523-3252',1),(553,'Ulysses','ueastmentfc@i2i.jp','453-764-6878',1),(554,'Burch','bworttfd@liveinternet.ru','393-385-5075',1),(555,'Lynde','leardfe@amazonaws.com','243-395-3884',0),(556,'Othello','otibblesff@newsvine.com','726-791-0326',1),(557,'Roslyn','rmastertonfg@psu.edu','315-998-6234',0),(558,'Neala','nambrodifh@aol.com','976-962-5747',1),(559,'Tilly','tgilbeefi@canalblog.com','365-404-8509',0),(560,'Meredithe','mopyfj@tumblr.com','307-682-6559',1),(561,'Alisha','abrumfk@xrea.com','733-812-4420',1),(562,'Ode','olimpkinfl@ning.com','437-635-0663',1),(563,'Neysa','nrougheyfm@sina.com.cn','729-496-5838',0),(564,'Quillan','qmaclicefn@tiny.cc','968-456-9159',1),(565,'Ilario','islorachfo@vistaprint.com','594-332-4328',0),(566,'Sky','sbutfp@sciencedirect.com','905-397-7528',1),(567,'Davey','dcrowsonfq@angelfire.com','281-446-5237',1),(568,'Benton','bstobbiefr@harvard.edu','229-233-8263',0),(569,'Terrye','tlennonfs@independent.co.uk','806-838-2447',0),(570,'Joana','jdugganft@yelp.com','937-406-9046',0),(571,'Kare','kmaleckfu@arizona.edu','854-487-5768',1),(572,'Kelly','kstermanfv@ehow.com','899-885-3636',1),(573,'Madeline','mmassyfw@vinaora.com','562-798-1269',0),(574,'Claybourne','cvassfx@goodreads.com','480-952-2725',1),(575,'Eadith','einmettfy@timesonline.co.uk','674-190-2280',1),(576,'Dasya','dhabinfz@businessinsider.com','947-669-3176',1),(577,'Maritsa','mdemullettg0@aol.com','518-858-4362',1),(578,'Alyosha','asmurfittg1@sfgate.com','870-540-5463',1),(579,'Antoine','apuveg2@guardian.co.uk','346-763-3516',1),(580,'Dacy','ddimnageg3@bloomberg.com','798-916-1943',0),(581,'Steve','srobertssong4@time.com','799-722-6049',0),(582,'Willis','wcrosettog5@shinystat.com','326-101-1302',0),(583,'Cosmo','cdelacroixg6@amazon.de','924-766-5125',1),(584,'Keefer','kallakerg7@uiuc.edu','574-354-8249',0),(585,'Shawn','sgroveg8@hexun.com','565-379-6392',1),(586,'Blythe','btavinorg9@blog.com','250-622-2232',1),(587,'Christin','cgallaharga@netvibes.com','838-939-9175',0),(588,'Andrea','amilletongb@nih.gov','871-667-3585',0),(589,'Zorah','zdoolygc@angelfire.com','885-557-5358',1),(590,'Darb','ddiggingd@hexun.com','225-251-4561',1),(591,'Greta','goruanege@mail.ru','410-459-9117',0),(592,'Conrad','cottosengf@weebly.com','910-833-1194',1),(593,'Wesley','wscrowsongg@bloglovin.com','654-962-1985',0),(594,'Burnaby','bskeechgh@wp.com','716-946-9126',0),(595,'Kort','kthrussellgi@comsenz.com','152-236-7796',0),(596,'Juanita','jsellstromgj@odnoklassniki.ru','758-362-2116',1),(597,'Hubey','hjentongk@salon.com','366-351-6715',1),(598,'Jillie','jporchgl@com.com','773-385-5061',1),(599,'Ryan','rduddygm@google.pl','322-444-6999',1),(600,'Donnamarie','dcallowgn@pinterest.com','671-497-7216',0),(601,'Peyton','pgiddengo@issuu.com','812-505-4594',1),(602,'Brigg','bhorburghgp@intel.com','648-609-4555',0),(603,'Morissa','mduferiegq@archive.org','384-313-3462',1),(604,'Kerry','kfogtgr@usnews.com','323-205-0998',0),(605,'Nonie','nvalekgs@ucsd.edu','187-971-9560',1),(606,'Austin','afotittgt@apache.org','881-620-4891',1),(607,'Ileana','ivollergu@google.ru','809-977-1371',1),(608,'Nickey','nhinzergv@spotify.com','941-250-8940',1),(609,'Farleigh','fhudlestongw@tinypic.com','746-595-7637',1),(610,'Collen','cpaskinsgx@seesaa.net','629-567-3267',0),(611,'Shena','sgribbellgy@umich.edu','535-396-7014',1),(612,'Ronnie','rcosfordgz@wordpress.com','264-307-5215',1),(613,'Armin','aperritth0@apple.com','998-168-8467',0),(614,'Amalle','aszachniewiczh1@dyndns.org','780-227-8858',1),(615,'Agna','apearchh2@webnode.com','432-424-3897',0),(616,'Dougie','ddebruyneh3@freewebs.com','877-274-8737',0),(617,'Kippy','klosseljongh4@ycombinator.com','425-880-5425',0),(618,'Dillon','dlowethh5@deliciousdays.com','325-420-6737',1),(619,'Herbert','hbathah6@diigo.com','860-477-4252',0),(620,'Mannie','mruncieh7@goodreads.com','945-987-6910',1),(621,'Christa','candreih8@amazon.de','949-162-9524',0),(622,'Norah','ntrulockeh9@altervista.org','730-491-4576',1),(623,'Karlie','kjukesha@devhub.com','387-608-9182',1),(624,'Annora','aoshielhb@4shared.com','403-183-8182',1),(625,'Malvina','mredihalghhc@zdnet.com','210-172-3112',1),(626,'Jacquenette','jodyvoiehd@epa.gov','166-415-5519',0),(627,'Aurilia','apetithe@princeton.edu','427-939-0021',0),(628,'Honor','hphoebehf@multiply.com','639-958-0719',0),(629,'Lem','lcouverthg@imageshack.us','161-962-5976',0),(630,'Miof mela','mdohmshh@feedburner.com','803-190-5466',1),(631,'Gennifer','gridelhi@time.com','465-771-3709',0),(632,'Kacey','kegiloffhj@blog.com','456-353-2905',0),(633,'Patrica','pnormanvellhk@soup.io','468-633-9304',1),(634,'Leeland','lmeesonhl@shinystat.com','329-290-8145',1),(635,'Linn','lbrownetthm@mit.edu','731-507-5001',1),(636,'Chloris','cferrieshn@cnn.com','999-110-9692',1),(637,'Tarrah','tbuesnelho@oracle.com','775-576-6513',1),(638,'Willy','wwinspurhp@tinypic.com','324-774-4923',1),(639,'Conney','cseershq@taobao.com','268-500-9733',1),(640,'Christian','crakestrawhr@studiopress.com','409-620-9209',0),(641,'Regan','rallebonehs@msu.edu','293-492-7106',1),(642,'Leilah','lblindmannht@globo.com','990-659-3800',1),(643,'Nelle','ngynnhu@mail.ru','831-662-3134',1),(644,'Magdalena','mnuthhv@google.co.jp','254-341-0325',1),(645,'Samara','smeiklejohnhw@skyrock.com','823-143-9654',0),(646,'Simone','slevinhx@google.ru','464-358-7917',0),(647,'Ardyce','aclimerhy@addthis.com','879-547-0026',1),(648,'Devi','dmccrumhz@washingtonpost.com','996-921-6268',1),(649,'Imogen','idrynani0@engadget.com','827-204-2485',1),(650,'Ev','eculleyi1@51.la','258-650-7795',0),(651,'Emmy','edelahunti2@vimeo.com','121-527-3065',0),(652,'Tatiana','tgoudardi3@networksolutions.com','921-845-2672',1),(653,'Kerk','kharlicki4@senate.gov','884-123-0818',1),(654,'Teresa','tanglessi5@toplist.cz','921-834-6099',1),(655,'Hermia','hsaylori6@bloomberg.com','570-967-3165',0),(656,'Chico','cbolderoei7@who.int','467-141-7506',0),(657,'Irvin','ibluei8@csmonitor.com','368-939-5903',0),(658,'Jobie','jmarcinkusi9@hugedomains.com','953-372-9931',1),(659,'Saunder','swoodcockia@ycombinator.com','176-144-5470',1),(660,'Lyndsay','ldrustib@blogger.com','156-604-2099',1),(661,'Timothee','ttessymanic@nationalgeographic.com','727-747-0023',1),(662,'Krystal','kdiclaudioid@ucla.edu','125-598-2490',0),(663,'Willow','wsouthallie@drupal.org','570-726-8381',0),(664,'Ardelia','aheinzlerif@dyndns.org','528-835-0759',0),(665,'Stanly','scocksig@moonfruit.com','155-274-9732',1),(666,'Thorpe','tgattyih@homestead.com','769-767-2179',0),(667,'Cliff','cpinareii@macromedia.com','231-771-4747',0),(668,'Shayne','shacksbyij@networksolutions.com','716-991-7226',1),(669,'Rand','rbaffinik@fastcompany.com','498-913-7926',0),(670,'Nathanil','ndurnellil@gmpg.org','385-373-9615',0),(671,'Marleah','myaknovim@bloglines.com','805-327-8121',1),(672,'Elnore','espavonin@google.com.au','394-499-4365',0),(673,'Costa','cdodshunio@statcounter.com','253-892-1290',0),(674,'Sascha','scovendonip@cbslocal.com','905-655-0662',0),(675,'Allison','afisbeyiq@oaic.gov.au','781-657-3831',1),(676,'Gale','gtweedleir@163.com','310-732-7036',0),(677,'Deane','dbeamentis@hc360.com','166-255-4428',0),(678,'Darwin','dcoopeyit@wired.com','558-203-0113',0),(679,'Bellina','bmaseykiu@taobao.com','724-265-7688',0),(680,'Nico','nmixtureiv@studiopress.com','200-510-6246',0),(681,'Bram','btriswelliw@cafepress.com','674-324-6472',1),(682,'Rodge','rsketchix@4shared.com','235-953-4508',0),(683,'Kalinda','kpawleyiy@answers.com','179-694-0780',1),(684,'Wyndham','wshildrickiz@hibu.com','486-904-2165',0),(685,'Ben','bgilderj0@admin.ch','300-803-9601',1),(686,'Corbie','clockhurstj1@bravesites.com','229-721-2935',1),(687,'Reeba','rbuffj2@nifty.com','854-309-8513',0),(688,'Dionis','drodgerj3@census.gov','417-192-6432',1),(689,'Jesselyn','jmcamishj4@xing.com','453-655-0972',0),(690,'Myrwyn','mgodlyj5@e-recht24.de','565-379-1152',1),(691,'Neely','ncoxhellj6@spotify.com','416-614-0500',0),(692,'Cordelie','cprewerj7@parallels.com','844-404-3359',0),(693,'Say','skitchenhamj8@exblog.jp','596-468-1293',1),(694,'Crista','chartfordj9@biblegateway.com','521-400-0709',1),(695,'Nickie','niddisonja@google.co.uk','438-600-8796',1),(696,'Jonas','jekkeljb@wikia.com','780-570-6260',1),(697,'Tamara','tmccarryjc@google.nl','823-833-9022',0),(698,'Jere','jkeepingjd@ask.com','367-346-1277',0),(699,'Joyan','jbedinje@spotify.com','681-223-4129',1),(700,'Kate','kcicculinijf@google.it','428-354-7566',0),(701,'Mikol','msiviourjg@stanford.edu','224-838-4171',1),(702,'Jimmy','jpeachmentjh@ibm.com','770-413-1712',0),(703,'Richart','rdeathji@msn.com','655-853-6107',1),(704,'Edan','ebendixjj@goo.gl','481-392-5984',1),(705,'Oralia','ograylandjk@rediff.com','773-141-9890',1),(706,'Tine','tdumbeltonjl@naver.com','221-465-4048',0),(707,'Sully','srobeljm@blogger.com','578-273-1799',0),(708,'Marv','mballaamjn@npr.org','294-765-5060',1),(709,'Catlaina','cshaylerjo@homestead.com','256-105-5283',1),(710,'Neville','nyoudjp@chron.com','614-822-6037',0),(711,'Frants','fcavaneyjq@vimeo.com','885-273-7185',1),(712,'Lettie','lranvoisejr@smh.com.au','817-931-7950',1),(713,'Joeann','jfrohockjs@ovh.net','447-290-2166',1),(714,'Prentice','ppennettijt@arstechnica.com','389-852-8478',1),(715,'Kiley','kasipenkoju@independent.co.uk','801-497-0299',1),(716,'Leigha','lnoenjv@nhs.uk','125-840-9074',1),(717,'Esra','egirhardjw@google.co.jp','833-931-7567',1),(718,'Tally','tbestonjx@hatena.ne.jp','862-471-7501',0),(719,'Ivory','iorrickjy@businessinsider.com','326-715-3884',1),(720,'Aloise','ahimsworthjz@behance.net','458-714-7337',0),(721,'Alix','aworgk0@drupal.org','929-813-4709',1),(722,'Melinda','mcorradinik1@nba.com','292-628-5655',0),(723,'Thelma','tevittk2@rediff.com','998-921-5927',0),(724,'Nixie','nwelhamk3@cisco.com','488-119-2192',0),(725,'Roselin','rcanapek4@t-online.de','804-372-9025',0),(726,'Damiano','dvittorik5@networksolutions.com','258-882-5388',0),(727,'Kata','kgellettk6@netlog.com','335-708-3089',1),(728,'Elisabeth','eparisk7@shutterfly.com','936-873-2599',0),(729,'Kitti','kmantrupk8@slashdot.org','358-266-4064',1),(730,'Toddy','tcharlickk9@geocities.jp','317-979-1158',0),(731,'Ammamaria','atiffanyka@shareasale.com','401-177-0926',1),(732,'Cy','cedmandskb@howstuffworks.com','373-559-3381',1),(733,'Ingrim','ibrownsettkc@yahoo.co.jp','137-931-9031',1),(734,'Kate','kbegginkd@nsw.gov.au','946-789-9334',1),(735,'Abrahan','awellesleyke@yelp.com','364-831-3905',1),(736,'Donaugh','dmaccaguekf@wired.com','306-728-7938',1),(737,'Alys','acharlwoodkg@soundcloud.com','383-699-8955',1),(738,'Sharai','ssidwickkh@bing.com','536-527-9497',1),(739,'Jessika','jcarverhillki@clickbank.net','486-192-9785',0),(740,'Salomo','slammertskj@webnode.com','646-693-0726',0),(741,'Petra','pwhithamkk@google.ca','407-983-7996',1),(742,'Hebert','hwakerleykl@wordpress.org','104-898-2998',1),(743,'Maribeth','mcollibearkm@prnewswire.com','706-807-2557',1),(744,'Ashleigh','awatkisskn@vimeo.com','795-546-7869',0),(745,'Bertie','btimbridgeko@twitter.com','159-910-9521',1),(746,'Zulema','zphippinkp@geocities.com','786-699-7151',1),(747,'Laverne','labelskq@ucsd.edu','427-218-7615',0),(748,'Kin','ksnarrkr@t-online.de','622-397-1015',0),(749,'Yancey','ytarbinks@themeforest.net','389-916-6324',1),(750,'Omar','omomerykt@independent.co.uk','714-101-1083',0),(751,'Winfield','wribyku@boston.com','441-337-2525',1),(752,'Sephira','squantrellkv@omniture.com','334-639-2783',1),(753,'Tonie','tcoombekw@jimdo.com','875-135-6733',1),(754,'Rooney','rraittkx@a8.net','667-922-5936',1),(755,'Ronny','rgathercoleky@businessweek.com','978-619-9951',1),(756,'Jen','jgoselingkz@thetimes.co.uk','971-435-8415',1),(757,'Gabbi','ggabbatl0@admin.ch','805-411-4005',1),(758,'Muire','mbumpasl1@instagram.com','393-683-0756',1),(759,'Mike','mmcalroyl2@hud.gov','774-378-1727',1),(760,'Glynnis','gbarbiel3@discovery.com','606-427-5653',1),(761,'Addi','afourcadel4@noaa.gov','141-663-6776',1),(762,'Caryn','cglavinl5@theguardian.com','761-228-1940',0),(763,'Tyson','tblitzl6@cnbc.com','659-677-5273',1),(764,'Berke','bgeraultl7@go.com','732-926-3506',0),(765,'Cynthea','chartupl8@hibu.com','679-124-7377',0),(766,'Brandea','bhowesl9@kickstarter.com','249-859-5212',1),(767,'Jacquetta','jarchardla@live.com','939-826-9683',0),(768,'Myrle','mzealanderlb@bing.com','492-111-6980',0),(769,'Nadya','ncommonlc@i2i.jp','845-615-0631',0),(770,'Mathian','mmewsld@furl.net','880-437-8507',1),(771,'Jules','jsimmgenle@pagesperso-orange.fr','114-144-4402',0),(772,'Cherlyn','ctorregianilf@prweb.com','348-720-2508',1),(773,'Franky','fbaroclg@diigo.com','825-907-8147',1),(774,'Kaitlynn','kgianasilh@unblog.fr','463-713-9604',1),(775,'Donalt','dcrouchli@wp.com','719-592-3929',0),(776,'Therine','twadhamlj@latimes.com','800-514-2804',1),(777,'Rutledge','rpopplelk@list-manage.com','175-462-3847',0),(778,'Caresse','csantonll@cbc.ca','416-397-4690',0),(779,'Minor','mkeyselm@wix.com','801-121-8894',0),(780,'Loy','lbissillln@house.gov','137-425-2316',1),(781,'Brittany','bcryselllo@ow.ly','581-471-6470',1),(782,'Mildred','mmalecklp@techcrunch.com','692-100-5353',1),(783,'Carlo','cjentgeslq@utexas.edu','620-556-3384',0),(784,'Rodney','rbrewettlr@dailymail.co.uk','685-997-2851',1),(785,'Liuka','lsipsonls@flickr.com','670-696-1004',0),(786,'Demetris','dgenerylt@theatlantic.com','133-571-3273',1),(787,'Shelden','sstedmanlu@time.com','820-480-1232',1),(788,'Curr','charrowinglv@time.com','764-550-1559',0),(789,'Aili','alugtonlw@ft.com','644-272-8370',0),(790,'Thaddeus','tboltonlx@mayoclinic.com','114-922-2808',0),(791,'Hamish','hallonly@wordpress.org','990-359-7798',0),(792,'Katerina','kfigurskilz@tinyurl.com','124-179-8179',0),(793,'Chris','cstookm0@arstechnica.com','776-617-4250',0),(794,'Kenton','kdafterm1@indiatimes.com','609-309-5381',1),(795,'Bartholomeus','bmaddicksm2@stumbleupon.com','275-981-7028',1),(796,'Carleton','cspellesym3@163.com','862-897-2793',1),(797,'Myrtie','mkimmittm4@parallels.com','334-410-7329',1),(798,'Bernardo','bjedrysikm5@altervista.org','722-174-1304',1),(799,'Karla','kpaszakm6@blinklist.com','836-358-6176',1),(800,'Effie','efoggm7@dion.ne.jp','275-208-2780',1),(801,'Cecily','cchopinm8@delicious.com','261-259-3688',1),(802,'Basia','bgorglerm9@issuu.com','626-737-5493',1),(803,'Quent','qrowbreyma@indiegogo.com','703-631-5301',0),(804,'Natividad','nscarmanmb@ucla.edu','389-453-5139',1),(805,'Domini','dparkhousemc@sun.com','312-822-1625',0),(806,'Ali','alaitmd@seesaa.net','942-385-7585',0),(807,'Constantine','cnibloeme@skype.com','675-453-4972',0),(808,'Karalee','kdaggettmf@creativecommons.org','661-593-2236',1),(809,'Mace','mgamwellmg@marriott.com','404-753-2834',0),(810,'Shari','syukhinmh@cocolog-nifty.com','879-912-1622',0),(811,'Donaugh','drobertotmi@house.gov','153-525-2411',1),(812,'Wells','wseywoodmj@nationalgeographic.com','234-840-0207',1),(813,'Anny','awarwickmk@msn.com','739-341-2800',0),(814,'Aldric','acreadyml@ucoz.ru','581-773-7102',0),(815,'Nelli','nrossbrookmm@xing.com','208-184-7406',0),(816,'Lolly','lstartonmn@ifeng.com','888-147-4691',0),(817,'Osborn','obrendemo@aboutads.info','953-329-8448',0),(818,'Shauna','sverneymp@cdbaby.com','615-397-4482',0),(819,'Anna-maria','acarassmq@bravesites.com','145-365-3224',0),(820,'Lenore','lthackhammr@va.gov','137-133-9461',0),(821,'Shantee','sariesms@last.fm','954-779-1107',1),(822,'Vanna','vsealsmt@newyorker.com','862-104-4761',1),(823,'Putnam','psaundermu@over-blog.com','302-413-4968',0),(824,'Nixie','nbreissanmv@alibaba.com','407-203-1083',1),(825,'Deloris','dmartynmw@shareasale.com','636-749-9129',0),(826,'Malory','mloachmx@xrea.com','274-363-9927',1),(827,'Datha','dpeirpointmy@360.cn','253-350-2247',1),(828,'Kaye','kducarmemz@behance.net','547-996-8509',0),(829,'Jill','jsanpern0@etsy.com','936-970-7876',0),(830,'Lottie','lwoolenn1@cdbaby.com','113-178-9097',1),(831,'Willey','westevezn2@amazon.com','682-186-5476',0),(832,'Welby','wduffinn3@posterous.com','184-412-6958',0),(833,'Brittaney','bgoozeen4@theatlantic.com','646-568-1536',1),(834,'Aube','achmarnyn5@google.co.uk','434-286-2378',1),(835,'Frederik','fbabidgen6@xing.com','713-940-7531',0),(836,'Jessalyn','jabbaten7@sphinn.com','856-899-9623',1),(837,'Salmon','sbaldingn8@biglobe.ne.jp','308-343-1779',0),(838,'Iago','itwinberrown9@kickstarter.com','470-456-8480',1),(839,'Anna-diane','aoaklandna@so-net.ne.jp','411-411-5015',0),(840,'Inigo','ihaselhurstnb@xing.com','671-857-9869',1),(841,'Tate','tdoerrlingnc@slashdot.org','796-707-6454',0),(842,'Lillis','llightfootnd@hud.gov','388-566-3408',1),(843,'Gallagher','gheinleinne@blinklist.com','497-249-2650',1),(844,'Maurene','mpiolinf@home.pl','531-956-1839',0),(845,'Lona','lskowcraftng@hibu.com','266-335-0301',1),(846,'Seward','sduleynh@opera.com','671-980-5986',0),(847,'Raynard','rpichanni@tmall.com','436-335-7113',1),(848,'Borden','bneubiggingnj@indiegogo.com','428-486-3685',0),(849,'Finn','fzellmernk@desdev.cn','315-945-0458',0),(850,'Viviyan','vocorranenl@xrea.com','521-636-8477',0),(851,'Sibylla','sbilofskynm@hexun.com','860-579-5364',1),(852,'Sib','saddionizionn@nsw.gov.au','635-146-8856',0),(853,'Moina','mgrissettno@github.com','889-785-6479',0),(854,'Lorianne','ldreinp@histats.com','894-969-9158',0),(855,'Austen','afearnallnq@netvibes.com','516-405-5149',0),(856,'Cyb','cberthomenr@zdnet.com','531-613-1372',0),(857,'Roanna','rcheelns@archive.org','728-387-7548',1),(858,'Aileen','aredhollsnt@linkedin.com','951-181-4696',0),(859,'Nevil','nhemshallnu@parallels.com','990-692-7866',0),(860,'Muire','mmulkerrinsnv@spotify.com','409-191-5251',1),(861,'Frasier','fbloomfieldnw@npr.org','243-601-4534',0),(862,'Arabelle','acasserlynx@simplemachines.org','821-300-0455',1),(863,'Fara','fdecopemanny@guardian.co.uk','993-770-5438',1),(864,'Lela','ltenwicknz@prlog.org','830-279-7179',0),(865,'Josy','jsagrotto0@hatena.ne.jp','735-596-1464',0),(866,'Homerus','hivshino1@hc360.com','497-119-7468',0),(867,'Faustine','fprobeyo2@sphinn.com','907-862-4280',1),(868,'Zollie','zbricko3@naver.com','407-400-0759',1),(869,'Wye','wtoppeso4@wired.com','980-990-2120',0),(870,'Belicia','bidao5@oaic.gov.au','773-918-5058',0),(871,'Neils','npetrazzio6@eepurl.com','362-147-7967',1),(872,'Brandtr','bkearso7@wikimedia.org','723-287-1708',1),(873,'Petronella','pweddeburno8@ovh.net','280-138-6456',1),(874,'Lynnette','ldemendozao9@canalblog.com','618-727-1107',0),(875,'Griffie','gclearyoa@bluehost.com','896-844-8042',0),(876,'Brigit','brainsdonob@sakura.ne.jp','642-205-1295',1),(877,'Albert','apoadoc@gnu.org','436-784-4119',0),(878,'Nicko','nbrayfieldod@addthis.com','985-320-5218',1),(879,'Anson','alinfittoe@scribd.com','671-674-6229',1),(880,'Aldo','aanderssonof@typepad.com','632-905-9271',0),(881,'Jeno','jmicheliog@auda.org.au','823-370-2383',0),(882,'Harp','hinnesoh@nih.gov','944-531-8244',0),(883,'Ailbert','aattleeoi@wp.com','348-190-8635',0),(884,'Ulla','umackonochieoj@printfriendly.com','238-835-9296',0),(885,'Amitie','astanwayok@samsung.com','599-805-1661',1),(886,'Patty','prickardsol@businessinsider.com','668-402-0911',0),(887,'Efren','ecarloneom@ameblo.jp','573-249-3396',1),(888,'Sidney','sbarenskion@utexas.edu','853-319-6041',1),(889,'Evvy','emcalarneyoo@purevolume.com','856-667-5132',1),(890,'Artus','abidgodop@apache.org','503-203-0773',0),(891,'Judith','jagassoq@bravesites.com','887-945-0732',1),(892,'Selia','storveyor@yolasite.com','714-152-7358',1),(893,'Baron','breedsos@networkadvertising.org','183-591-0627',1),(894,'Giulietta','gkiliusot@bloglovin.com','205-705-1748',0),(895,'Harcourt','hmeachemou@sbwire.com','378-911-6116',1),(896,'Ches','cmccamishov@yelp.com','515-675-2051',1),(897,'Liam','lpittemow@scribd.com','779-210-7263',0),(898,'Peder','pwolfendenox@marketwatch.com','199-981-1307',1),(899,'Maren','meversleyoy@gizmodo.com','916-369-5565',0),(900,'Erena','ediioriooz@home.pl','306-573-6452',1),(901,'Jaclyn','jlivermorep0@networkadvertising.org','415-610-7137',1),(902,'Brewster','bcobonp1@theguardian.com','498-205-6154',0),(903,'Judith','jkornousekp2@1688.com','102-195-8687',0),(904,'Lindsey','lventamp3@google.com.hk','625-406-5415',1),(905,'Harley','hbarnardop4@naver.com','361-673-6753',1),(906,'Tobe','tselleyp5@nasa.gov','501-402-7974',1),(907,'Callida','cevangelinosp6@123-reg.co.uk','478-162-9024',1),(908,'Sloan','sseeneyp7@ovh.net','151-251-4141',0),(909,'Heindrick','hcamolettop8@hubpages.com','526-486-9878',1),(910,'Bastian','bwilkinsonp9@cnet.com','759-835-8256',1),(911,'Nilson','nainsworthpa@squidoo.com','668-759-2016',0),(912,'Katleen','khadleighpb@hexun.com','757-711-0693',0),(913,'Tiff','tkemppc@feedburner.com','838-387-2620',0),(914,'Linet','lspuffardpd@imageshack.us','910-336-3265',1),(915,'Leontine','leallespe@de.vu','759-618-4150',0),(916,'Ernie','elinneypf@google.de','602-212-7297',1),(917,'Merrie','mswinpg@usda.gov','657-974-2295',0),(918,'Allen','akubiakph@walmart.com','300-273-9828',0),(919,'Olivier','ocraftspi@foxnews.com','586-542-6839',1),(920,'Lindsey','lagglionepj@npr.org','863-514-1552',1),(921,'Rhetta','rsaintpierrepk@statcounter.com','639-143-8100',1),(922,'Bertie','bmallockpl@jiathis.com','639-573-3154',0),(923,'Karina','kdaybellpm@baidu.com','749-232-5113',0),(924,'Julietta','jhalltpn@4shared.com','182-111-9834',0),(925,'Dacy','dburmanpo@imageshack.us','625-949-2681',0),(926,'Rodi','rcollypp@shinystat.com','290-502-2411',1),(927,'Lind','lfransinellipq@studiopress.com','961-554-6087',0),(928,'Celle','crolstonepr@dmoz.org','951-987-8090',1),(929,'Christiana','cdanigelps@google.ca','476-653-5180',1),(930,'Linc','lprinpt@bbc.co.uk','820-731-8883',1),(931,'Curcio','cbarneveldpu@amazon.co.jp','433-731-9843',1),(932,'Ange','apragnellpv@drupal.org','903-696-8715',1),(933,'Sula','sbarnetpw@amazon.co.uk','288-610-0534',0),(934,'Gail','gkowalskipx@cbsnews.com','415-106-9655',1),(935,'Bjorn','blegisterpy@unesco.org','540-512-2795',0),(936,'Bridie','bearypz@yandex.ru','516-947-5043',1),(937,'Juanita','jwapplingtonq0@nih.gov','757-966-6534',0),(938,'Mollie','mclunanq1@ehow.com','424-559-2198',1),(939,'Kennith','kbackhurstq2@scribd.com','754-733-2522',0),(940,'Samuel','sbremingq3@wikia.com','105-398-0561',0),(941,'Pru','pcostenq4@yolasite.com','419-519-4918',1),(942,'Malina','mrookesbyq5@cnet.com','842-658-2912',1),(943,'Tyrus','tsapsedq6@1und1.de','926-793-8547',0),(944,'Elfie','earonsteinq7@jimdo.com','663-775-2951',0),(945,'Reynold','riskowiczq8@github.com','596-904-4915',1),(946,'Rasla','relvishq9@webeden.co.uk','351-932-7827',1),(947,'Carla','cfarrentqa@ox.ac.uk','333-230-0743',1),(948,'Lenna','lscollickqb@unicef.org','776-761-9277',1),(949,'Lev','lguiverqc@edublogs.org','353-645-1457',1),(950,'Lilias','lkinseyqd@bluehost.com','486-247-2465',0),(951,'Babita','bsprostonqe@blinklist.com','107-143-6331',1),(952,'Concordia','cdouseqf@deliciousdays.com','873-688-9521',1),(953,'Teodora','tfrowqg@nbcnews.com','872-538-9041',1),(954,'Felicle','fmcvickerqh@hibu.com','765-856-3388',1),(955,'Layla','lsapenaqi@wiley.com','695-289-7216',1),(956,'Benedick','bfinnieqj@hibu.com','793-126-5080',0),(957,'Brice','bcardingqk@cbsnews.com','612-843-8427',1),(958,'Darren','dthainql@webeden.co.uk','352-844-9190',0),(959,'Malena','myukhtinqm@bing.com','586-314-4453',1),(960,'Gerty','gbunnyqn@list-manage.com','226-355-5068',0),(961,'Irv','iblasiusqo@theguardian.com','135-285-5708',1),(962,'Florentia','fbrokenshireqp@opensource.org','573-733-3667',1),(963,'Obidiah','omitchelhillqq@flavors.me','650-306-7154',1),(964,'Gordon','gyacobqr@microsoft.com','318-632-3770',0),(965,'Veda','vkefordqs@ucla.edu','877-339-2888',1),(966,'Gustie','gtrinkwonqt@epa.gov','700-293-6354',1),(967,'Mervin','mcoghlinqu@tmall.com','223-840-1472',0),(968,'Bondon','btravisqv@ibm.com','522-736-0467',0),(969,'Redd','rcobelliqw@merriam-webster.com','296-869-5662',1),(970,'Alice','alowethqx@cafepress.com','428-314-8875',0),(971,'Shae','scrichtonqy@usa.gov','119-446-5082',1),(972,'Sher','sleveringtonqz@themeforest.net','493-709-6768',0),(973,'Dom','dpotteridger0@de.vu','971-620-9732',1),(974,'Carmen','cemerr1@123-reg.co.uk','428-879-8225',1),(975,'Rora','rmannsr2@google.com','994-845-1588',1),(976,'Amelia','asustinsr3@shinystat.com','701-462-8651',0),(977,'Muffin','mdevonishr4@tripadvisor.com','554-243-6718',1),(978,'Edythe','eletteresser5@macromedia.com','694-907-0613',1),(979,'Demetrius','dtilliardsr6@walmart.com','662-547-3775',1),(980,'Dael','ddriversr7@altervista.org','679-230-3396',1),(981,'Joelie','jfolderr8@friendfeed.com','361-405-4653',0),(982,'Kacy','kstukingsr9@go.com','301-566-9872',1),(983,'Wendy','wstollsteinerra@earthlink.net','778-283-6801',0),(984,'Othella','omcdouglerb@youtu.be','177-422-8700',1),(985,'Michaella','mlegassickrc@plala.or.jp','529-313-9623',1),(986,'Orelle','ocornilsrd@indiegogo.com','960-390-0804',0),(987,'Teodor','tstickellsre@google.ru','407-179-9132',0),(988,'Lura','lsirmanrf@purevolume.com','889-178-8468',0),(989,'Rafa','rdilrewrg@github.com','611-100-1941',0),(990,'Melony','mtookerh@comsenz.com','161-748-1759',1),(991,'Knox','kbigginri@storify.com','428-732-3303',0),(992,'Krisha','kberlingrj@hao123.com','969-605-8369',1),(993,'Dix','damerighirk@bizjournals.com','865-183-0591',1),(994,'Zondra','ziwaszkiewiczrl@bbc.co.uk','967-647-6835',1),(995,'Aileen','awrathmellrm@about.com','628-468-0904',1),(996,'Siward','shynsonrn@ezinearticles.com','186-407-5521',0),(997,'Arleta','aivashkinro@nps.gov','613-354-1971',0),(998,'Nancie','nmarcorp@cisco.com','707-915-7979',1),(999,'Jeniece','jeisikovitshrq@nymag.com','478-222-5207',0),(1000,'Kristian','kmanusrr@ft.com','868-781-7216',1);


DROP TABLE IF EXISTS departamento;
/*!40101 SET @saved_cs_client     = @@character_set_client */;
/*!40101 SET character_set_client = utf8 */;
CREATE TABLE departamento (
  codigo_departamento int not null identity primary key,
  nombre_departamento varchar(24) DEFAULT NULL,
  estado bit DEFAULT 0
);

SET IDENTITY_INSERT departamento ON
INSERT INTO departamento (codigo_departamento, nombre_departamento, estado) VALUES (1,'Primer Nivel',1),(2,'Segundo Nivel',1),(3,'Tercer Nivel',0),(4,'Cuarto Nivel',1),(5,'Jorge',1),(6,'Engineering',0),(7,'Sales',1),(8,'Product Management',0),(9,'Legal',1),(10,'Engineering',1),(11,'Services',1),(12,'Business Development',0),(13,'Training',0),(14,'Marketing',1),(15,'Product Management',0),(16,'Services',1),(17,'Services',0),(18,'Accounting',0),(19,'Marketing',1),(20,'Marketing',0),(21,'Accounting',0),(22,'Accounting',1),(23,'Business Development',1),(24,'Services',1),(25,'Product Management',1),(26,'Services',1),(27,'Human Resources',1),(28,'Business Development',0),(29,'Marketing',0),(30,'Marketing',0),(31,'Product Management',1),(32,'Research and Development',0),(33,'Engineering',1),(34,'Support',0),(35,'Services',0),(36,'Support',1),(37,'Sales',0),(38,'Research and Development',1),(39,'Business Development',0),(40,'Sales',1),(41,'Engineering',1),(42,'Support',0),(43,'Services',0),(44,'Research and Development',1),(45,'Human Resources',1),(46,'Marketing',0),(47,'Engineering',1),(48,'Sales',0),(49,'Accounting',1),(50,'Research and Development',0),(51,'Services',0),(52,'Human Resources',0),(53,'Services',1),(54,'Sales',1),(55,'Legal',1),(56,'Training',0),(57,'Research and Development',1),(58,'Product Management',0),(59,'Marketing',1),(60,'Support',1),(61,'Engineering',1),(62,'Sales',1),(63,'Engineering',1),(64,'Services',1),(65,'Research and Development',0),(66,'Support',1),(67,'Support',0),(68,'Accounting',1),(69,'Research and Development',0),(70,'Sales',1),(71,'Engineering',0),(72,'Engineering',0),(73,'Marketing',0),(74,'Research and Development',0),(75,'Support',1),(76,'Product Management',1),(77,'Product Management',1),(78,'Support',0),(79,'Business Development',1),(80,'Support',0),(81,'Engineering',0),(82,'Marketing',0),(83,'Training',1),(84,'Engineering',0),(85,'Training',0),(86,'Product Management',1),(87,'Business Development',0),(88,'Training',1),(89,'Engineering',0),(90,'Accounting',0),(91,'Product Management',1),(92,'Business Development',1),(93,'Support',0),(94,'Engineering',1),(95,'Accounting',1),(96,'Business Development',1),(97,'Accounting',0),(98,'Product Management',0),(99,'Accounting',0),(100,'Marketing',1),(101,'Human Resources',0),(102,'Legal',0),(103,'Accounting',0),(104,'Sales',0),(105,'Sales',1),(106,'Marketing',0),(107,'Engineering',0),(108,'Human Resources',0),(109,'Human Resources',1),(110,'Product Management',1),(111,'Training',1),(112,'Legal',0),(113,'Engineering',0),(114,'Services',0),(115,'Business Development',0),(116,'Accounting',1),(117,'Marketing',0),(118,'Legal',0),(119,'Accounting',1),(120,'Accounting',0),(121,'Support',0),(122,'Services',0),(123,'Human Resources',1),(124,'Business Development',0),(125,'Accounting',1),(126,'Business Development',0),(127,'Research and Development',0),(128,'Human Resources',1),(129,'Sales',1),(130,'Accounting',0),(131,'Support',1),(132,'Human Resources',0),(133,'Engineering',0),(134,'Services',1),(135,'Services',0),(136,'Marketing',0),(137,'Marketing',0),(138,'Business Development',0),(139,'Legal',1),(140,'Business Development',0),(141,'Sales',0),(142,'Services',0),(143,'Human Resources',1),(144,'Engineering',0),(145,'Human Resources',1),(146,'Business Development',0),(147,'Engineering',0),(148,'Human Resources',0),(149,'Support',1),(150,'Sales',1),(151,'Marketing',1),(152,'Business Development',1),(153,'Engineering',0),(154,'Product Management',0),(155,'Human Resources',0),(156,'Training',0),(157,'Accounting',1),(158,'Marketing',0),(159,'Sales',0),(160,'Services',1),(161,'Services',0),(162,'Training',1),(163,'Support',0),(164,'Accounting',1),(165,'Support',1),(166,'Support',1),(167,'Sales',0),(168,'Marketing',0),(169,'Marketing',0),(170,'Legal',1),(171,'Legal',1),(172,'Training',1),(173,'Training',1),(174,'Support',0),(175,'Business Development',0),(176,'Services',0),(177,'Sales',1),(178,'Business Development',0),(179,'Business Development',1),(180,'Sales',0),(181,'Human Resources',1),(182,'Support',0),(183,'Product Management',0),(184,'Services',0),(185,'Accounting',0),(186,'Marketing',0),(187,'Product Management',0),(188,'Engineering',1),(189,'Engineering',0),(190,'Services',0),(191,'Marketing',0),(192,'Support',1),(193,'Engineering',1),(194,'Marketing',0),(195,'Marketing',1),(196,'Business Development',1),(197,'Sales',0),(198,'Business Development',0),(199,'Engineering',1),(200,'Services',1),(201,'Services',1),(202,'Accounting',0),(203,'Research and Development',0),(204,'Engineering',1),(205,'Legal',0),(206,'Sales',1),(207,'Legal',0),(208,'Support',1),(209,'Accounting',1),(210,'Legal',0),(211,'Engineering',0),(212,'Human Resources',0),(213,'Legal',0),(214,'Training',0),(215,'Business Development',1),(216,'Human Resources',1),(217,'Accounting',0),(218,'Training',0),(219,'Services',0),(220,'Services',0),(221,'Legal',0),(222,'Marketing',1),(223,'Human Resources',0),(224,'Services',0),(225,'Support',0),(226,'Support',1),(227,'Legal',0),(228,'Human Resources',1),(229,'Human Resources',1),(230,'Marketing',1),(231,'Legal',1),(232,'Research and Development',0),(233,'Business Development',0),(234,'Services',0),(235,'Research and Development',1),(236,'Sales',1),(237,'Training',1),(238,'Marketing',0),(239,'Services',0),(240,'Business Development',1),(241,'Accounting',1),(242,'Human Resources',0),(243,'Engineering',0),(244,'Human Resources',1),(245,'Support',1),(246,'Support',0),(247,'Marketing',0),(248,'Human Resources',0),(249,'Support',0),(250,'Engineering',0),(251,'Training',0),(252,'Product Management',1),(253,'Services',0),(254,'Engineering',0),(255,'Product Management',1),(256,'Accounting',0),(257,'Research and Development',1),(258,'Legal',1),(259,'Support',1),(260,'Support',0),(261,'Business Development',1),(262,'Business Development',1),(263,'Marketing',0),(264,'Marketing',1),(265,'Business Development',0),(266,'Engineering',1),(267,'Training',0),(268,'Services',1),(269,'Training',0),(270,'Sales',0),(271,'Engineering',0),(272,'Training',0),(273,'Product Management',1),(274,'Sales',0),(275,'Sales',0),(276,'Services',0),(277,'Engineering',1),(278,'Business Development',1),(279,'Engineering',1),(280,'Services',1),(281,'Legal',0),(282,'Marketing',1),(283,'Accounting',0),(284,'Accounting',1),(285,'Support',0),(286,'Engineering',0),(287,'Legal',0),(288,'Training',0),(289,'Legal',1),(290,'Accounting',0),(291,'Support',1),(292,'Business Development',0),(293,'Human Resources',1),(294,'Legal',0),(295,'Marketing',0),(296,'Product Management',0),(297,'Marketing',0),(298,'Services',1),(299,'Sales',0),(300,'Support',0),(301,'Legal',1),(302,'Legal',0),(303,'Accounting',0),(304,'Human Resources',0),(305,'Accounting',1),(306,'Marketing',1),(307,'Training',0),(308,'Legal',0),(309,'Support',0),(310,'Support',0),(311,'Product Management',0),(312,'Research and Development',1),(313,'Services',1),(314,'Services',1),(315,'Services',0),(316,'Legal',1),(317,'Research and Development',0),(318,'Marketing',0),(319,'Training',1),(320,'Training',1),(321,'Human Resources',1),(322,'Support',0),(323,'Marketing',0),(324,'Human Resources',1),(325,'Engineering',0),(326,'Business Development',0),(327,'Sales',1),(328,'Training',1),(329,'Engineering',1),(330,'Accounting',0),(331,'Human Resources',1),(332,'Sales',1),(333,'Sales',0),(334,'Engineering',0),(335,'Engineering',0),(336,'Marketing',0),(337,'Product Management',0),(338,'Marketing',0),(339,'Legal',1),(340,'Marketing',1),(341,'Engineering',0),(342,'Human Resources',1),(343,'Support',1),(344,'Marketing',0),(345,'Accounting',1),(346,'Sales',1),(347,'Product Management',1),(348,'Engineering',1),(349,'Marketing',1),(350,'Sales',1),(351,'Research and Development',1),(352,'Engineering',1),(353,'Human Resources',1),(354,'Services',1),(355,'Sales',1),(356,'Product Management',1),(357,'Training',1),(358,'Sales',1),(359,'Legal',0),(360,'Legal',0),(361,'Sales',0),(362,'Support',0),(363,'Training',0),(364,'Accounting',1),(365,'Services',0),(366,'Business Development',0),(367,'Human Resources',1),(368,'Legal',0),(369,'Marketing',1),(370,'Support',1),(371,'Marketing',1),(372,'Support',0),(373,'Human Resources',1),(374,'Research and Development',1),(375,'Engineering',1),(376,'Support',0),(377,'Training',0),(378,'Human Resources',1),(379,'Legal',0),(380,'Legal',1),(381,'Marketing',0),(382,'Services',0),(383,'Engineering',1),(384,'Product Management',0),(385,'Legal',0),(386,'Engineering',0),(387,'Business Development',0),(388,'Services',1),(389,'Product Management',0),(390,'Sales',0),(391,'Sales',0),(392,'Sales',0),(393,'Research and Development',0),(394,'Product Management',1),(395,'Engineering',0),(396,'Legal',0),(397,'Product Management',0),(398,'Human Resources',1),(399,'Support',1),(400,'Human Resources',0),(401,'Product Management',1),(402,'Research and Development',0),(403,'Legal',0),(404,'Human Resources',0),(405,'Human Resources',0),(406,'Training',1),(407,'Marketing',0),(408,'Business Development',0),(409,'Product Management',1),(410,'Legal',1),(411,'Training',1),(412,'Product Management',1),(413,'Services',1),(414,'Human Resources',0),(415,'Legal',1),(416,'Engineering',1),(417,'Sales',0),(418,'Accounting',1),(419,'Human Resources',1),(420,'Human Resources',0),(421,'Research and Development',1),(422,'Product Management',1),(423,'Training',0),(424,'Support',1),(425,'Business Development',1),(426,'Services',0),(427,'Marketing',1),(428,'Sales',1),(429,'Human Resources',1),(430,'Support',0),(431,'Legal',1),(432,'Accounting',1),(433,'Product Management',0),(434,'Engineering',1),(435,'Legal',0),(436,'Legal',1),(437,'Business Development',1),(438,'Marketing',0),(439,'Product Management',1),(440,'Research and Development',0),(441,'Training',1),(442,'Support',1),(443,'Accounting',0),(444,'Services',0),(445,'Services',1),(446,'Training',0),(447,'Accounting',0),(448,'Human Resources',0),(449,'Sales',0),(450,'Sales',0),(451,'Marketing',0),(452,'Support',1),(453,'Sales',0),(454,'Training',1),(455,'Accounting',1),(456,'Legal',0),(457,'Accounting',0),(458,'Services',1),(459,'Accounting',1),(460,'Accounting',0),(461,'Sales',0),(462,'Services',1),(463,'Business Development',0),(464,'Engineering',0),(465,'Marketing',0),(466,'Human Resources',0),(467,'Services',0),(468,'Product Management',0),(469,'Services',0),(470,'Product Management',0),(471,'Human Resources',0),(472,'Business Development',0),(473,'Research and Development',1),(474,'Accounting',0),(475,'Accounting',1),(476,'Business Development',0),(477,'Marketing',1),(478,'Sales',1),(479,'Legal',0),(480,'Support',1),(481,'Accounting',1),(482,'Support',0),(483,'Training',1),(484,'Accounting',0),(485,'Training',0),(486,'Business Development',0),(487,'Business Development',0),(488,'Research and Development',1),(489,'Product Management',0),(490,'Business Development',1),(491,'Business Development',1),(492,'Services',1),(493,'Human Resources',0),(494,'Business Development',1),(495,'Support',1),(496,'Research and Development',1),(497,'Legal',1),(498,'Support',1),(499,'Legal',0),(500,'Human Resources',0),(501,'Services',1),(502,'Legal',1),(503,'Sales',0),(504,'Business Development',0),(505,'Training',0),(506,'Training',1),(507,'Human Resources',1),(508,'Product Management',0),(509,'Sales',0),(510,'Product Management',1),(511,'Accounting',1),(512,'Research and Development',1),(513,'Engineering',0),(514,'Product Management',1),(515,'Accounting',1),(516,'Sales',0),(517,'Sales',1),(518,'Product Management',0),(519,'Research and Development',0),(520,'Marketing',0),(521,'Services',0),(522,'Sales',1),(523,'Product Management',1),(524,'Business Development',0),(525,'Business Development',0),(526,'Marketing',0),(527,'Research and Development',1),(528,'Product Management',0),(529,'Business Development',0),(530,'Human Resources',0),(531,'Business Development',0),(532,'Product Management',1),(533,'Training',1),(534,'Human Resources',0),(535,'Product Management',1),(536,'Research and Development',0),(537,'Product Management',1),(538,'Services',0),(539,'Legal',0),(540,'Sales',1),(541,'Business Development',0),(542,'Marketing',0),(543,'Support',0),(544,'Business Development',1),(545,'Research and Development',1),(546,'Services',0),(547,'Sales',0),(548,'Support',1),(549,'Legal',0),(550,'Engineering',0),(551,'Business Development',1),(552,'Engineering',1),(553,'Support',1),(554,'Business Development',1),(555,'Research and Development',0),(556,'Human Resources',1),(557,'Sales',1),(558,'Product Management',1),(559,'Legal',0),(560,'Legal',1),(561,'Engineering',0),(562,'Business Development',1),(563,'Business Development',0),(564,'Research and Development',0),(565,'Research and Development',1),(566,'Business Development',1),(567,'Support',0),(568,'Human Resources',1),(569,'Business Development',0),(570,'Accounting',1),(571,'Product Management',0),(572,'Services',0),(573,'Support',1),(574,'Product Management',1),(575,'Services',1),(576,'Accounting',1),(577,'Research and Development',0),(578,'Legal',1),(579,'Product Management',0),(580,'Business Development',1),(581,'Services',1),(582,'Human Resources',0),(583,'Human Resources',1),(584,'Training',1),(585,'Marketing',1),(586,'Accounting',1),(587,'Legal',0),(588,'Training',0),(589,'Legal',1),(590,'Marketing',1),(591,'Product Management',0),(592,'Accounting',1),(593,'Business Development',1),(594,'Sales',0),(595,'Business Development',0),(596,'Business Development',0),(597,'Research and Development',0),(598,'Marketing',1),(599,'Accounting',1),(600,'Sales',0),(601,'Accounting',0),(602,'Product Management',0),(603,'Services',0),(604,'Legal',0),(605,'Legal',1),(606,'Research and Development',0),(607,'Sales',0),(608,'Legal',1),(609,'Accounting',0),(610,'Product Management',1),(611,'Research and Development',0),(612,'Research and Development',1),(613,'Research and Development',1),(614,'Services',0),(615,'Accounting',0),(616,'Accounting',1),(617,'Legal',0),(618,'Human Resources',1),(619,'Sales',0),(620,'Marketing',1),(621,'Human Resources',0),(622,'Product Management',0),(623,'Training',0),(624,'Legal',0),(625,'Support',0),(626,'Engineering',1),(627,'Legal',1),(628,'Engineering',0),(629,'Product Management',1),(630,'Services',1),(631,'Human Resources',0),(632,'Research and Development',1),(633,'Research and Development',1),(634,'Sales',1),(635,'Marketing',1),(636,'Services',1),(637,'Product Management',0),(638,'Engineering',0),(639,'Marketing',0),(640,'Product Management',0),(641,'Business Development',1),(642,'Business Development',0),(643,'Engineering',1),(644,'Legal',1),(645,'Human Resources',1),(646,'Business Development',0),(647,'Services',0),(648,'Accounting',1),(649,'Support',0),(650,'Marketing',1),(651,'Business Development',1),(652,'Product Management',0),(653,'Product Management',1),(654,'Training',0),(655,'Engineering',0),(656,'Research and Development',0),(657,'Accounting',1),(658,'Services',0),(659,'Services',0),(660,'Marketing',0),(661,'Support',1),(662,'Services',0),(663,'Human Resources',0),(664,'Support',0),(665,'Business Development',1),(666,'Services',0),(667,'Human Resources',1),(668,'Marketing',0),(669,'Marketing',1),(670,'Support',0),(671,'Engineering',1),(672,'Engineering',0),(673,'Support',0),(674,'Engineering',1),(675,'Engineering',0),(676,'Engineering',0),(677,'Marketing',0),(678,'Support',1),(679,'Accounting',1),(680,'Business Development',0),(681,'Product Management',1),(682,'Engineering',1),(683,'Training',1),(684,'Business Development',0),(685,'Research and Development',0),(686,'Engineering',1),(687,'Services',0),(688,'Marketing',0),(689,'Sales',1),(690,'Product Management',0),(691,'Sales',0),(692,'Business Development',0),(693,'Sales',1),(694,'Legal',1),(695,'Product Management',0),(696,'Human Resources',1),(697,'Training',1),(698,'Legal',0),(699,'Human Resources',0),(700,'Business Development',1),(701,'Services',0),(702,'Marketing',1),(703,'Engineering',0),(704,'Legal',0),(705,'Business Development',1),(706,'Support',1),(707,'Business Development',0),(708,'Services',1),(709,'Engineering',1),(710,'Human Resources',1),(711,'Training',0),(712,'Human Resources',1),(713,'Product Management',1),(714,'Research and Development',1),(715,'Human Resources',0),(716,'Training',0),(717,'Support',1),(718,'Services',1),(719,'Marketing',1),(720,'Marketing',0),(721,'Human Resources',0),(722,'Legal',1),(723,'Accounting',1),(724,'Legal',0),(725,'Human Resources',0),(726,'Sales',0),(727,'Research and Development',0),(728,'Marketing',0),(729,'Accounting',1),(730,'Human Resources',1),(731,'Engineering',1),(732,'Product Management',1),(733,'Legal',0),(734,'Accounting',1),(735,'Services',0),(736,'Human Resources',1),(737,'Product Management',0),(738,'Training',0),(739,'Legal',1),(740,'Product Management',1),(741,'Human Resources',0),(742,'Product Management',1),(743,'Legal',1),(744,'Sales',0),(745,'Product Management',0),(746,'Support',0),(747,'Services',0),(748,'Services',1),(749,'Human Resources',1),(750,'Business Development',1),(751,'Research and Development',0),(752,'Training',0),(753,'Sales',0),(754,'Services',1),(755,'Engineering',0),(756,'Marketing',0),(757,'Services',0),(758,'Research and Development',0),(759,'Business Development',0),(760,'Legal',0),(761,'Product Management',0),(762,'Support',1),(763,'Support',0),(764,'Accounting',0),(765,'Services',0),(766,'Sales',1),(767,'Business Development',0),(768,'Support',0),(769,'Business Development',1),(770,'Accounting',1),(771,'Human Resources',1),(772,'Business Development',0),(773,'Engineering',0),(774,'Sales',1),(775,'Training',1),(776,'Legal',1),(777,'Product Management',1),(778,'Services',0),(779,'Services',0),(780,'Research and Development',1),(781,'Support',0),(782,'Marketing',0),(783,'Support',1),(784,'Human Resources',1),(785,'Engineering',1),(786,'Sales',0),(787,'Human Resources',1),(788,'Engineering',0),(789,'Marketing',1),(790,'Engineering',0),(791,'Accounting',1),(792,'Training',0),(793,'Sales',0),(794,'Business Development',0),(795,'Product Management',0),(796,'Support',1),(797,'Support',0),(798,'Accounting',0),(799,'Human Resources',0),(800,'Product Management',0),(801,'Research and Development',0),(802,'Human Resources',0),(803,'Business Development',0),(804,'Support',0),(805,'Support',0),(806,'Legal',1),(807,'Support',1),(808,'Engineering',0),(809,'Sales',1),(810,'Legal',0),(811,'Engineering',0),(812,'Legal',1),(813,'Marketing',0),(814,'Support',0),(815,'Training',0),(816,'Services',1),(817,'Accounting',1),(818,'Training',1),(819,'Legal',1),(820,'Marketing',1),(821,'Sales',0),(822,'Accounting',0),(823,'Sales',0),(824,'Marketing',1),(825,'Accounting',1),(826,'Marketing',1),(827,'Sales',0),(828,'Human Resources',0),(829,'Services',0),(830,'Sales',0),(831,'Product Management',1),(832,'Sales',0),(833,'Accounting',1),(834,'Support',0),(835,'Training',1),(836,'Legal',1),(837,'Legal',0),(838,'Services',1),(839,'Product Management',1),(840,'Product Management',0),(841,'Sales',0),(842,'Engineering',1),(843,'Accounting',0),(844,'Legal',0),(845,'Training',0),(846,'Accounting',1),(847,'Marketing',1),(848,'Sales',1),(849,'Human Resources',1),(850,'Sales',0),(851,'Services',1),(852,'Support',1),(853,'Marketing',0),(854,'Marketing',1),(855,'Business Development',0),(856,'Support',0),(857,'Human Resources',0),(858,'Marketing',1),(859,'Business Development',1),(860,'Services',1),(861,'Business Development',0),(862,'Legal',0),(863,'Human Resources',1),(864,'Business Development',1),(865,'Business Development',1),(866,'Legal',0),(867,'Engineering',0),(868,'Sales',0),(869,'Sales',0),(870,'Training',0),(871,'Human Resources',0),(872,'Marketing',1),(873,'Engineering',0),(874,'Business Development',1),(875,'Engineering',0),(876,'Accounting',0),(877,'Marketing',1),(878,'Services',1),(879,'Training',1),(880,'Support',0),(881,'Sales',1),(882,'Support',0),(883,'Training',0),(884,'Business Development',1),(885,'Product Management',0),(886,'Support',1),(887,'Accounting',0),(888,'Training',0),(889,'Engineering',1),(890,'Marketing',0),(891,'Support',0),(892,'Engineering',1),(893,'Engineering',0),(894,'Sales',0),(895,'Research and Development',0),(896,'Research and Development',0),(897,'Marketing',1),(898,'Support',1),(899,'Services',0),(900,'Services',1),(901,'Training',1),(902,'Services',0),(903,'Business Development',1),(904,'Training',1),(905,'Research and Development',0),(906,'Marketing',1),(907,'Support',1),(908,'Legal',1),(909,'Research and Development',1),(910,'Legal',0),(911,'Marketing',0),(912,'Training',0),(913,'Research and Development',1),(914,'Business Development',1),(915,'Accounting',0),(916,'Product Management',0),(917,'Marketing',1),(918,'Training',1),(919,'Support',0),(920,'Legal',0),(921,'Services',0),(922,'Sales',0),(923,'Engineering',1),(924,'Marketing',1),(925,'Support',1),(926,'Human Resources',0),(927,'Legal',0),(928,'Research and Development',0),(929,'Services',1),(930,'Services',1),(931,'Accounting',0),(932,'Product Management',0),(933,'Engineering',1),(934,'Engineering',0),(935,'Accounting',0),(936,'Research and Development',0),(937,'Human Resources',1),(938,'Marketing',0),(939,'Legal',1),(940,'Research and Development',1),(941,'Accounting',1),(942,'Legal',0),(943,'Services',1),(944,'Accounting',0),(945,'Product Management',0),(946,'Business Development',1),(947,'Training',1),(948,'Legal',0),(949,'Business Development',1),(950,'Accounting',0),(951,'Accounting',1),(952,'Marketing',0),(953,'Human Resources',0),(954,'Human Resources',1),(955,'Accounting',1),(956,'Research and Development',0),(957,'Product Management',0),(958,'Training',1),(959,'Human Resources',1),(960,'Training',1),(961,'Product Management',0),(962,'Business Development',0),(963,'Marketing',0),(964,'Support',1),(965,'Services',0),(966,'Training',1),(967,'Engineering',0),(968,'Research and Development',1),(969,'Human Resources',0),(970,'Training',0),(971,'Research and Development',0),(972,'Human Resources',0),(973,'Legal',0),(974,'Marketing',0),(975,'Product Management',1),(976,'Business Development',1),(977,'Business Development',0),(978,'Research and Development',0),(979,'Accounting',0),(980,'Marketing',1),(981,'Legal',1),(982,'Legal',1),(983,'Services',1),(984,'Research and Development',1),(985,'Accounting',0),(986,'Accounting',1),(987,'Business Development',1),(988,'Product Management',0),(989,'Legal',0),(990,'Marketing',0),(991,'Product Management',1),(992,'Product Management',1),(993,'Sales',1),(994,'Accounting',0),(995,'Services',1),(996,'Training',1),(997,'Product Management',1),(998,'Training',0),(999,'Business Development',0),(1000,'Training',0);
SET IDENTITY_INSERT departamento OFF 


 Create table detalles(
   numero_factura int not null identity primary key,
   cantidad_vendida int,
   codigo_producto int not null foreign key references producto(codigo_producto),
   precio_de_venta int
 );

CREATE TABLE producto (
  codigo_producto int not null identity primary key,
  nombre_producto varchar(33) DEFAULT NULL,
  codigo_departamento int not null foreign key references departamento(codigo_departamento),
  codigo_suplidor int not null foreign key references suplidor(codigo_suplidor),
  cantidad_existente int DEFAULT NULL,
  punto_reo int DEFAULT NULL,
  codigo_unidad int not null foreign key references unidad(codigo_unidad),
  estado bit DEFAULT 0,
  precio_de_venta int DEFAULT NULL
) 
SET IDENTITY_INSERT producto ON
INSERT INTO producto (codigo_producto, nombre_producto, codigo_departamento, codigo_suplidor, cantidad_existente, punto_reo, codigo_unidad, estado, precio_de_venta) VALUES (35,'Wine - Vineland Estate Semi - Dry',59,26,35,35,3,1,48),(40,'Milk Powder',91,51,40,40,1,0,88),(44,'Cookies Almond Hazelnut',53,38,44,44,4,0,93),(112,'Versatainer Nc - 888',27,19,112,112,5,1,64),(118,'Crab - Dungeness, Whole',28,5,118,118,3,1,54),(148,'Rice - Long Grain',44,73,148,148,6,0,50),(153,'Mint - Fresh',67,95,153,153,5,1,49),(179,'Wild Boar - Tenderloin',78,41,179,179,1,0,83),(180,'Wine - Charddonnay Errazuriz',54,29,180,180,5,0,47),(191,'Sauce - Thousand Island',97,82,191,191,7,1,18),(194,'Turkey Tenderloin Frozen',14,35,194,194,4,0,37),(235,'Cookies - Amaretto',87,26,235,235,3,1,23),(239,'Ecolab - Solid Fusion',97,6,239,239,5,0,80),(246,'Creamers - 10%',20,51,246,246,6,1,96),(268,'Sage - Ground',82,89,268,268,5,1,40),(288,'Pepper - White, Ground',10,56,288,288,2,0,70),(295,'Pasta - Lasagna Noodle, Frozen',3,9,295,295,5,1,89),(302,'Capers - Ox Eye Daisy',91,5,302,302,5,0,17),(304,'V8 Splash Strawberry Kiwi',3,9,304,304,3,1,55),(319,'Spinach - Spinach Leaf',67,99,319,319,7,0,59),(328,'Grapes - Red',6,60,328,328,7,1,56),(334,'Soup Campbells Split Pea And Ham',86,94,334,334,1,0,8),(389,'Pasta - Penne, Lisce, Dry',71,15,389,389,5,1,84),(398,'Salsify, Organic',31,77,398,398,3,0,89),(403,'Tofu - Firm',84,82,403,403,3,0,45),(427,'Steampan - Half Size Shallow',93,55,427,427,6,0,26),(433,'Orange - Blood',52,78,433,433,6,1,64),(465,'Veal - Loin',38,69,465,465,1,1,94),(530,'Sugar - Invert',52,19,530,530,3,0,51),(572,'Octopus',15,14,572,572,5,1,71),(573,'Tortillas - Flour, 10',32,46,573,573,3,0,63),(577,'Pepper - Orange',39,65,577,577,6,1,83),(589,'Broom And Brush Rack Black',15,46,589,589,5,1,54),(600,'Oven Mitt - 13 Inch',25,12,600,600,6,1,91),(603,'Tomatoes - Cherry',40,68,603,603,5,0,91),(619,'Wine - Muscadet Sur Lie',39,95,619,619,5,1,54),(623,'Shortbread - Cookie Crumbs',11,67,623,623,5,1,30),(631,'Truffle - Whole Black Peeled',12,71,631,631,4,1,21),(678,'Bandage - Fexible 1x3',45,14,678,678,1,1,22),(694,'Syrup - Monin, Amaretta',82,51,694,694,3,0,35),(697,'Lamb - Rack',98,25,697,697,3,0,99),(707,'Gelatine Powder',98,91,707,707,4,0,71),(737,'Pork - Sausage Casing',92,85,737,737,5,0,7),(755,'Flounder - Fresh',66,47,755,755,3,1,11),(771,'Temperature Recording Station',84,15,771,771,4,1,28),(773,'Soup Campbells Turkey Veg.',21,50,773,773,2,1,50),(786,'Appetizer - Asian Shrimp Roll',87,3,786,786,6,0,67),(789,'Vinegar - Rice',76,14,789,789,6,1,80),(799,'Hand Towel',20,33,799,799,3,0,10),(810,'Cake Circle, Foil, Scallop',51,95,810,810,3,0,87),(811,'Pasta - Cannelloni, Sheets, Fresh',42,84,811,811,2,0,30),(812,'Beets - Pickled',37,98,812,812,2,0,9),(827,'Lid - Translucent, 3.5 And 6 Oz',30,6,827,827,5,0,64),(854,'Chicken Breast Wing On',53,51,854,854,5,0,91),(858,'Beef - Ground, Extra Lean, Fresh',56,53,858,858,3,1,93),(872,'Cheese - Brie Roitelet',19,40,872,872,4,1,37),(874,'Rice - Wild',59,7,874,874,7,0,29),(877,'Scampi Tail',8,94,877,877,1,1,60),(880,'Jolt Cola',22,35,880,880,7,1,20),(882,'Fudge - Chocolate Fudge',90,51,882,882,4,0,92),(892,'Ice Cream - Chocolate',6,78,892,892,6,0,2),(894,'Peas Snow',28,88,894,894,1,1,21),(916,'Wine - White, Ej',24,60,916,916,2,1,45),(917,'Pork Salted Bellies',99,39,917,917,4,0,83),(935,'Dill Weed - Dry',60,54,935,935,3,0,90),(960,'Cucumber - English',53,98,960,960,3,0,64),(972,'Beef - Kobe Striploin',9,92,972,972,7,0,18),(976,'Beans - Kidney, Red Dry',57,46,976,976,7,0,59),(979,'Silicone Parch. 16.3x24.3',77,34,979,979,2,1,91);
SET IDENTITY_INSERT producto OFF

CREATE TABLE suplidor (
  codigo_suplidor int not null identity primary key,
  nombre_suplidor varchar(14) DEFAULT NULL,
  email varchar(41) DEFAULT NULL,
  telefono varchar(12) DEFAULT NULL,
  estado bit DEFAULT 0
) 
SET IDENTITY_INSERT suplidor ON
INSERT INTO suplidor (codigo_suplidor, nombre_suplidor, email, telefono, estado) VALUES (1,'Erskine','equinn0@csmonitor.com','193-287-8345',1),(2,'Cloe','ccatford1@statcounter.com','185-467-1901',0),(3,'Jorge','jorge@gmail.com','456789',1),(4,'Evin','ehoggetts3@canalblog.com','441-708-2591',0),(5,'Gabi','gboreham4@springer.com','680-932-8805',1),(6,'Cecilia','chansard5@seesaa.net','743-135-5680',0),(7,'Adelina','adivine6@printfriendly.com','965-694-6733',1),(8,'Lilly','lridolfi7@netscape.com','482-444-1733',0),(9,'Jacquetta','jdunkerly8@intel.com','743-353-5687',1),(10,'Benyamin','bgainsborough9@over-blog.com','937-115-8801',0),(11,'Candida','cpappsa@cisco.com','586-458-7931',1),(12,'Steffi','sweondb@time.com','132-518-5021',1),(13,'Karena','kjouanetc@typepad.com','602-227-8429',0),(14,'Giorgia','gclapsond@comcast.net','827-981-6461',0),(15,'Lenee','lkarolowskie@issuu.com','836-209-1557',0),(16,'Westleigh','wgarroodf@blogs.com','210-106-0161',1),(17,'Gilberta','geckleyg@buzzfeed.com','211-368-7261',1),(18,'Shalna','stwitteyh@census.gov','530-272-1974',1),(19,'Rudolfo','rzanicchellii@ow.ly','782-700-3540',1),(20,'Laurence','larnauj@github.com','610-633-0669',1),(21,'Moreen','mschoolfieldk@huffingtonpost.com','993-646-9210',0),(22,'Sharron','shurnel@go.com','151-910-5256',1),(23,'Adiana','alumbleym@ihg.com','311-590-4477',1),(24,'Jo-anne','jduffynn@chron.com','141-202-6228',1),(25,'Abel','aschwiesoo@whitehouse.gov','388-631-3115',0),(26,'Noel','nkernesp@delicious.com','670-339-3518',0),(27,'Germaine','gdambrogioq@comsenz.com','473-713-4153',0),(28,'Worthington','wgreenleesr@sohu.com','651-284-4992',1),(29,'Yoshiko','ydodsons@scribd.com','247-480-4160',0),(30,'Daniela','desmondt@forbes.com','311-429-4599',1),(31,'Godiva','gjudronu@google.co.uk','423-426-9299',0),(32,'Con','cpetrouv@youku.com','711-720-9289',0),(33,'Glory','gdiclaudiow@chronoengine.com','519-469-5503',1),(34,'Emalia','ehatherleyx@trellian.com','947-600-4040',0),(35,'Manda','mwillshawy@vimeo.com','845-895-8853',0),(36,'Patsy','pollerz@example.com','656-831-1253',1),(37,'Rasia','rclemenceau10@baidu.com','915-709-3798',0),(38,'Maris','mrisebrow11@miibeian.gov.cn','755-316-1068',1),(39,'Garnette','gmessent12@hc360.com','535-856-7612',0),(40,'Maddy','mantoons13@rakuten.co.jp','750-757-4930',1),(41,'Robina','rbouda14@unblog.fr','874-951-9091',1),(42,'Judah','jrarity15@mayoclinic.com','623-402-4878',1),(43,'Gay','gcastle16@yelp.com','863-839-9887',0),(44,'Hazlett','hdegregorio17@bloglovin.com','551-499-6335',1),(45,'Merrili','mherion18@dropbox.com','562-141-9246',1),(46,'Adamo','adowdney19@fema.gov','721-295-4901',0),(47,'Simeon','skaveney1a@slate.com','645-666-3483',0),(48,'Kathryn','kagget1b@reddit.com','759-577-2637',0),(49,'Andrus','alemonnier1c@cnbc.com','474-686-7829',0),(50,'Joe','jvasilmanov1d@jiathis.com','110-719-2000',1),(51,'Mace','mvine1e@sitemeter.com','618-736-6416',0),(52,'Almeta','abridal1f@surveymonkey.com','843-277-6645',1),(53,'Valaree','vstrother1g@imdb.com','145-686-6296',0),(54,'Nikoletta','npotts1h@marriott.com','594-858-0278',1),(55,'Theodor','trock1i@exblog.jp','425-786-8598',0),(56,'Lilllie','landerton1j@storify.com','410-157-0884',1),(57,'Deane','dwookey1k@list-manage.com','209-174-3272',0),(58,'Marguerite','mmcgonagle1l@eepurl.com','983-867-8942',0),(59,'Luise','lmacculloch1m@globo.com','834-293-5131',0),(60,'Dominga','dharley1n@china.com.cn','363-817-6159',0),(61,'Kilian','kflade1o@utexas.edu','845-154-4753',0),(62,'Beryl','bellaway1p@miitbeian.gov.cn','905-824-3362',1),(63,'Bil','bsteinhammer1q@vkontakte.ru','486-891-4560',0),(64,'Barn','bhele1r@craigslist.org','869-632-1627',0),(65,'Riley','rtommasuzzi1s@squarespace.com','162-506-4723',0),(66,'Debra','dpancost1t@google.ru','264-731-9774',1),(67,'Debee','dcarryer1u@hao123.com','220-149-5007',0),(68,'Genovera','gstucksbury1v@biglobe.ne.jp','839-302-5131',0),(69,'Tildy','tmclane1w@gizmodo.com','140-764-2582',1),(70,'Sadella','sblasi1x@zdnet.com','972-338-9415',0),(71,'Jenna','jcollabine1y@webeden.co.uk','682-970-6624',1),(72,'Vitia','vfenton1z@yolasite.com','803-648-0570',1),(73,'Leroi','lcloney20@1688.com','818-268-1239',1),(74,'Merla','mbastistini21@friendfeed.com','704-873-1357',1),(75,'Sarine','sreiners22@flavors.me','552-653-7954',1),(76,'Carena','cklement23@dell.com','807-140-9994',1),(77,'Thomasin','tocahey24@photobucket.com','266-208-5856',1),(78,'Leandra','lzuan25@so-net.ne.jp','333-738-9205',1),(79,'Starr','smasdin26@abc.net.au','252-895-8858',0),(80,'Wilona','wlesmonde27@freewebs.com','298-543-7682',1),(81,'Clim','csammon28@scribd.com','737-762-9185',0),(82,'Valina','vpenrose29@biblegateway.com','384-212-6781',0),(83,'Clarie','cbetun2a@ihg.com','575-848-6276',0),(84,'Sissy','sheymes2b@creativecommons.org','847-629-4722',0),(85,'Bonnee','bpaniman2c@spotify.com','900-199-4259',1),(86,'Ric','rmacgeaney2d@shop-pro.jp','670-547-0333',0),(87,'Carri','cfryd2e@goo.ne.jp','593-366-7217',1),(88,'Aurie','abirdsall2f@mayoclinic.com','571-627-0117',0),(89,'Rayna','rscolland2g@desdev.cn','267-462-2616',1),(90,'Bradley','bgiovanizio2h@telegraph.co.uk','542-350-8077',1),(91,'Haroun','htunnah2i@ocn.ne.jp','301-366-7459',0),(92,'Philly','pvilla2j@desdev.cn','385-863-5335',1),(93,'Cybil','cdunbar2k@is.gd','991-402-8972',1),(94,'Idalina','iwell2l@dagondesign.com','713-492-1368',0),(95,'Tabbatha','tvictor2m@umn.edu','973-983-5217',1),(96,'Skye','slenoury2n@tumblr.com','439-321-1780',1),(97,'Venus','vtissiman2o@cnbc.com','261-403-2699',1),(98,'Merv','mloveredge2p@shareasale.com','870-299-0958',0),(99,'Vanya','voller2q@amazon.co.jp','290-686-3669',0),(100,'Harmonia','hwynrehame2r@naver.com','541-898-7002',1),(101,'Nappie','nblaszkiewicz2s@artisteer.com','613-648-6596',1),(102,'Cleve','cdanihel2t@cdc.gov','319-816-9104',0),(103,'Armand','abacop2u@icq.com','971-813-9080',1),(104,'Martainn','mhamal2v@cornell.edu','920-465-0014',0),(105,'Boone','bcampos2w@blogspot.com','609-265-5062',0),(106,'Ginny','gtregust2x@youku.com','495-913-0872',0),(107,'Augusto','afresson2y@ustream.tv','639-305-7504',0),(108,'Jeanie','jtroughton2z@chicagotribune.com','666-185-2797',1),(109,'Tessi','tsmallcomb30@goodreads.com','170-384-6728',1),(110,'Worden','wemerton31@liveinternet.ru','170-357-1231',0),(111,'Iggy','isoulsby32@networksolutions.com','239-973-4650',0),(112,'Earlie','egabites33@tripod.com','484-406-5781',1),(113,'Mickie','mmcclements34@freewebs.com','103-173-5246',1),(114,'Tricia','tminnock35@discuz.net','525-511-0772',0),(115,'Bogart','bmeachem36@technorati.com','942-603-1463',1),(116,'Alain','abutterley37@seattletimes.com','320-821-7143',1),(117,'Noemi','ncusick38@example.com','536-650-3582',0),(118,'Portie','phouseley39@mediafire.com','114-934-0649',0),(119,'Letitia','leaslea3a@epa.gov','657-360-0043',1),(120,'Irena','iive3b@amazon.com','337-898-1626',0),(121,'Nikoletta','nolrenshaw3c@umich.edu','858-414-5780',1),(122,'Cazzie','curidge3d@delicious.com','800-869-5947',0),(123,'Bruce','bsarsons3e@cbslocal.com','639-130-4071',0),(124,'Mendel','mgolt3f@chicagotribune.com','566-710-1424',0),(125,'Anatol','ahynd3g@irs.gov','391-130-3336',0),(126,'Aloise','arookledge3h@cdc.gov','767-434-0386',1),(127,'Cazzie','candrusov3i@gnu.org','830-273-1287',0),(128,'Muhammad','mshann3j@opensource.org','506-873-6364',1),(129,'Raychel','rforson3k@amazonaws.com','398-747-6713',0),(130,'Cathe','ccolbert3l@tumblr.com','236-281-6694',1),(131,'Giacomo','gdrever3m@amazon.de','991-798-0642',0),(132,'Daron','djanicki3n@cbsnews.com','369-843-9876',0),(133,'Goldie','gcreagh3o@china.com.cn','524-532-2323',1),(134,'Milissent','mchecchetelli3p@nytimes.com','442-125-6044',1),(135,'Beauregard','bbenoist3q@boston.com','903-638-7316',0),(136,'Glory','gemmitt3r@t.co','164-456-5199',0),(137,'Lynsey','lwinks3s@aboutads.info','572-954-6821',0),(138,'Corilla','cayshford3t@trellian.com','574-994-2153',0),(139,'Chantalle','cmallan3u@shutterfly.com','972-931-1285',1),(140,'Timmi','tsachno3v@va.gov','725-332-3296',0),(141,'Rene','rpic3w@newyorker.com','222-440-5383',0),(142,'Adey','abaddow3x@omniture.com','840-523-6032',0),(143,'Nikos','nclementucci3y@plala.or.jp','177-651-6921',0),(144,'Darcey','dmiddis3z@google.nl','485-247-8503',1),(145,'Maryellen','mlansley40@mapquest.com','685-454-2291',0),(146,'Elizabet','ehuddleston41@google.co.jp','511-966-7341',0),(147,'Reider','rwapple42@infoseek.co.jp','411-509-0488',0),(148,'Cristiano','cbrunsdon43@paypal.com','492-811-3568',0),(149,'Koo','kberney44@utexas.edu','267-192-2277',1),(150,'Armand','agostridge45@wiley.com','849-933-8052',1),(151,'Caz','cciabatteri46@ihg.com','276-700-0179',0),(152,'Ester','ewaller47@ft.com','816-464-0196',0),(153,'Elton','ekoppelmann48@zdnet.com','548-350-3459',1),(154,'Tera','tbansal49@yellowbook.com','280-956-4742',1),(155,'Charmian','chewson4a@latimes.com','150-932-4680',0),(156,'Jennica','jtapper4b@bluehost.com','442-354-3959',1),(157,'Colene','cblaby4c@uiuc.edu','407-294-6683',0),(158,'Inness','ipollastrone4d@so-net.ne.jp','486-246-4351',1),(159,'Heloise','htossell4e@google.ca','911-877-6340',1),(160,'Emmalynn','efragino4f@ning.com','752-451-2809',1),(161,'Tyne','tgauvain4g@sciencedirect.com','627-738-6000',0),(162,'Keary','kaldin4h@qq.com','905-628-1759',1),(163,'Kameko','kyoselevitch4i@mapy.cz','630-241-6168',0),(164,'Dedra','dmarishenko4j@ning.com','748-301-7171',1),(165,'Gorden','gbarnsdale4k@facebook.com','282-896-8844',0),(166,'Ami','aconkey4l@aboutads.info','247-268-9334',1),(167,'Annetta','aswan4m@techcrunch.com','579-939-2524',0),(168,'Jorey','jkalinsky4n@va.gov','993-834-3107',0),(169,'Sheilah','sdoughill4o@imdb.com','278-517-1011',1),(170,'Hadrian','hshelmardine4p@un.org','195-936-7736',1),(171,'Theodosia','tyakobowitz4q@bloglovin.com','566-770-4981',0),(172,'Garry','gleirmonth4r@house.gov','718-284-8780',1),(173,'Peggi','plerohan4s@clickbank.net','815-829-4118',0),(174,'Sunshine','smorales4t@pen.io','147-180-0667',0),(175,'Jeno','jprinett4u@tinypic.com','784-178-9243',0),(176,'Abagail','aabrams4v@state.gov','787-637-4019',0),(177,'Bertrando','bvogeller4w@ox.ac.uk','442-291-5294',1),(178,'Carina','ckornilov4x@thetimes.co.uk','358-414-5699',0),(179,'Nessi','nbrankley4y@a8.net','835-314-3020',0),(180,'Foss','fprichet4z@mtv.com','553-365-6757',0),(181,'Lilian','lmoreno50@dell.com','225-396-4434',0),(182,'Rikki','rnussgen51@springer.com','275-901-8224',0),(183,'Juliann','jwallwood52@fda.gov','602-495-8259',1),(184,'Francesca','fledson53@arizona.edu','626-483-8317',1),(185,'Marylynne','mbeckey54@army.mil','422-529-8886',1),(186,'Carmella','chulbert55@amazon.co.jp','322-114-2707',1),(187,'Rivalee','rgarfit56@360.cn','809-268-3407',0),(188,'Obediah','omillett57@prlog.org','611-991-3012',0),(189,'Fidela','fbelward58@ft.com','979-994-3352',0),(190,'Mable','mlovewell59@walmart.com','422-634-4642',1),(191,'Gates','ghendrickx5a@nymag.com','898-401-8074',1),(192,'Whitman','wrippen5b@e-recht24.de','585-791-2294',1),(193,'Colman','ccunnell5c@hud.gov','486-321-2330',0),(194,'Jehu','jmeasen5d@ox.ac.uk','870-659-4495',0),(195,'Janek','jbartusek5e@europa.eu','734-299-5966',0),(196,'Maurita','msandon5f@livejournal.com','889-646-2321',0),(197,'Noble','nvase5g@statcounter.com','678-337-9419',1),(198,'Daloris','dposnett5h@ca.gov','344-685-0992',0),(199,'Milena','mgrumbridge5i@hexun.com','369-835-0357',0),(200,'Alphonso','awornham5j@msn.com','952-527-4889',0),(201,'Freda','fdunderdale5k@bluehost.com','804-631-3102',1),(202,'Zenia','zbourgeois5l@jiathis.com','582-464-7854',1),(203,'Gearalt','gsongest5m@goo.ne.jp','312-851-9167',0),(204,'Frans','fcanizares5n@weather.com','487-631-0350',0),(205,'Kaila','knock5o@zdnet.com','413-835-0953',1),(206,'Beulah','bwordsworth5p@dion.ne.jp','184-108-7214',1),(207,'Flori','fpamphilon5q@elpais.com','672-927-2326',0),(208,'Fanechka','fseys5r@themeforest.net','923-207-1947',0),(209,'Nickey','nspadaro5s@microsoft.com','897-722-7959',1),(210,'Konstantine','kdekeyser5t@admin.ch','847-574-5381',1),(211,'Charlean','cdane5u@go.com','646-154-1865',1),(212,'Osgood','orubberts5v@simplemachines.org','637-752-9101',1),(213,'Lynelle','ltarply5w@mac.com','211-324-7516',1),(214,'Polly','pdelafont5x@msu.edu','808-394-9324',0),(215,'Pris','pstonhard5y@nytimes.com','612-738-7741',1),(216,'Leilah','ldeschlein5z@home.pl','192-511-7402',0),(217,'Benn','bread60@spotify.com','570-263-5427',0),(218,'Meryl','mgiurio61@engadget.com','733-397-0194',1),(219,'Arabel','afludder62@miitbeian.gov.cn','382-827-1262',1),(220,'Miran','mmorant63@yale.edu','416-930-0973',1),(221,'Andrea','amonsey64@hugedomains.com','178-539-1636',1),(222,'Elysha','espaducci65@wired.com','292-321-0891',1),(223,'Dana','dtante66@cnet.com','910-774-8870',1),(224,'Glenn','gbeaten67@gov.uk','724-662-0157',0),(225,'Keri','kglenfield68@craigslist.org','846-487-5689',1),(226,'Delmor','dwilde69@cnn.com','263-795-3149',1),(227,'Grover','gsidebotton6a@smugmug.com','765-586-3397',1),(228,'Janenna','jrowter6b@artisteer.com','352-633-6848',1),(229,'Lanie','lbraim6c@ibm.com','257-164-2204',1),(230,'Allys','acastagnier6d@omniture.com','483-353-2627',1),(231,'Sasha','syter6e@usatoday.com','561-462-0972',0),(232,'Cathe','cmelan6f@dagondesign.com','372-150-9221',1),(233,'Gregor','gwoffenden6g@addtoany.com','476-126-6036',1),(234,'Cal','chanley6h@salon.com','527-190-3555',0),(235,'Jeane','jstratz6i@epa.gov','453-267-7096',0),(236,'Emmerich','esneesby6j@businessweek.com','194-241-5413',1),(237,'Jesus','joyley6k@harvard.edu','740-144-0953',1),(238,'Ashleigh','abetton6l@multiply.com','216-905-4289',1),(239,'Tulley','tcalltone6m@samsung.com','427-691-2802',0),(240,'Arri','abradbury6n@lycos.com','152-726-4120',1),(241,'Theodora','tferreres6o@jiathis.com','134-353-4338',1),(242,'Jerry','jbennett6p@vimeo.com','946-146-2087',1),(243,'Akim','adorricott6q@earthlink.net','109-187-4294',1),(244,'Wynn','wmanger6r@mtv.com','426-860-7731',1),(245,'Hyman','hmarkova6s@edublogs.org','335-555-9918',1),(246,'Nessy','nstobbe6t@webs.com','876-700-2099',0),(247,'Dore','dbushell6u@youtu.be','845-312-5194',0),(248,'Dicky','dpensom6v@tamu.edu','635-765-0381',1),(249,'Teodor','tdensumbe6w@sphinn.com','995-910-8018',0),(250,'Talia','twenderoth6x@storify.com','184-922-8612',1),(251,'Salome','scassimer6y@desdev.cn','836-959-3496',0),(252,'Jeddy','jgoodlet6z@bigcartel.com','454-643-1852',0),(253,'Audra','alawton70@phoca.cz','262-454-4062',0),(254,'Mathe','mhalworth71@google.nl','365-669-1040',1),(255,'Hal','hdole72@scribd.com','697-114-3596',0),(256,'Mattheus','mahlf73@theatlantic.com','445-964-8747',0),(257,'Margot','mroskeilly74@wikipedia.org','946-844-1078',0),(258,'Silvain','sdorrington75@mozilla.com','607-458-5268',1),(259,'Johannah','jsamwayes76@bbc.co.uk','421-728-7892',0),(260,'Cordula','cmacgilfoyle77@elpais.com','187-117-8503',1),(261,'Brigg','bledward78@amazon.de','588-691-5364',1),(262,'Ilyse','itoolin79@w3.org','114-204-3361',1),(263,'Rani','rkillen7a@go.com','548-614-2442',0),(264,'Joela','jtaig7b@abc.net.au','202-125-8652',0),(265,'Daryl','dcaistor7c@java.com','663-771-5577',0),(266,'Zonnya','zgingell7d@live.com','941-226-5064',0),(267,'Antons','aespina7e@domainmarket.com','383-573-2426',1),(268,'Nickolai','ntindall7f@bandcamp.com','919-953-4941',1),(269,'Ricca','rllorens7g@hao123.com','354-848-9374',1),(270,'Henrik','hmacphaden7h@prnewswire.com','133-817-0402',0),(271,'Lily','lbreens7i@geocities.com','804-648-4343',1),(272,'Karlene','kbremley7j@answers.com','155-130-5363',1),(273,'Sherry','strickett7k@ebay.com','715-611-9051',0),(274,'Katuscha','kmethringham7l@amazonaws.com','479-623-0809',0),(275,'Della','dkynastone7m@google.ru','821-177-3244',1),(276,'Bryna','boswald7n@state.gov','847-877-4340',0),(277,'Erasmus','estepto7o@vimeo.com','990-386-1145',1),(278,'Katie','kbraisher7p@thetimes.co.uk','248-155-0732',0),(279,'Dolley','dhawket7q@nifty.com','784-879-8045',0),(280,'Morrie','mmacmearty7r@ask.com','589-199-2904',0),(281,'Chariot','cstrutz7s@studiopress.com','231-891-5336',1),(282,'Herve','hmacpharlain7t@ustream.tv','545-336-9713',1),(283,'Jocelyn','jbesant7u@japanpost.jp','508-805-3551',0),(284,'Rochell','rgheraldi7v@about.me','712-300-9261',0),(285,'Helenelizabeth','hklageman7w@barnesandnoble.com','460-376-9878',1),(286,'Mathew','mkynan7x@admin.ch','940-203-0391',1),(287,'Elvis','elapslie7y@cnet.com','704-385-7458',1),(288,'Rachel','rleupoldt7z@discovery.com','444-623-3673',1),(289,'Jody','jjovic80@multiply.com','731-651-8840',1),(290,'Daniella','dospellissey81@cocolog-nifty.com','493-516-0492',0),(291,'Charlton','carpin82@yolasite.com','145-925-2926',0),(292,'Fair','fsallinger83@chronoengine.com','427-239-7331',1),(293,'Cilka','challigan84@house.gov','400-224-4268',0),(294,'Lynnea','lcartmale85@delicious.com','443-962-9679',1),(295,'Giacopo','glacknor86@google.it','914-907-4930',1),(296,'Orion','oburnet87@chron.com','657-124-3990',1),(297,'Lorettalorna','lshemilt88@123-reg.co.uk','309-965-0131',0),(298,'Alanah','akupka89@hc360.com','813-343-7774',0),(299,'Tanny','tcoaster8a@mozilla.org','955-680-9459',1),(300,'Risa','rgroneway8b@ustream.tv','321-444-2402',1),(301,'Jemmie','jbehrendsen8c@arizona.edu','504-777-8780',0),(302,'Bertrand','bitzkovwitch8d@google.co.jp','894-828-3878',1),(303,'Tierney','tlatchford8e@rambler.ru','384-540-7391',1),(304,'Rena','rdunbar8f@about.me','975-428-9019',0),(305,'Mohandis','mmarrett8g@reference.com','782-245-9082',1),(306,'Merissa','mwestman8h@4shared.com','539-950-1213',1),(307,'Duffie','dedlyn8i@elegantthemes.com','378-382-1955',0),(308,'Crawford','cmorpeth8j@printfriendly.com','947-399-6723',1),(309,'Jocelyn','jemblen8k@nationalgeographic.com','341-951-6622',1),(310,'Ulrike','unassau8l@issuu.com','114-804-3363',0),(311,'Ogden','orathmell8m@wired.com','287-557-6781',1),(312,'Zita','zbannister8n@github.com','258-773-6493',0),(313,'Padriac','ppellatt8o@businesswire.com','455-123-2460',1),(314,'Jacqui','jjuhruke8p@hatena.ne.jp','467-524-0812',1),(315,'Delphinia','dgledstane8q@prweb.com','644-110-9482',0),(316,'Tresa','tmcgaffey8r@illinois.edu','211-129-7362',0),(317,'Cathe','calner8s@booking.com','908-162-4967',1),(318,'Dion','dteanby8t@aboutads.info','425-943-2916',0),(319,'Elsy','esumshon8u@mashable.com','721-935-2523',0),(320,'Jerad','jveevers8v@instagram.com','291-927-0996',1),(321,'Edithe','ebayston8w@drupal.org','283-579-4612',0),(322,'Carolyn','csinnock8x@examiner.com','696-434-6442',0),(323,'Murray','mrecord8y@ftc.gov','711-718-5639',0),(324,'Galven','gketts8z@rediff.com','209-727-2948',0),(325,'Mariejeanne','mbayless90@discuz.net','667-617-0170',0),(326,'Jenifer','jheams91@bloglines.com','534-711-3214',0),(327,'Derick','dcasbolt92@arizona.edu','861-283-4026',0),(328,'Herta','hwelham93@ocn.ne.jp','131-168-9385',1),(329,'Lexi','livantyev94@pcworld.com','656-771-0199',0),(330,'Penn','pkunat95@deliciousdays.com','523-693-4413',0),(331,'Bevin','bcantillon96@sbwire.com','199-667-7741',0),(332,'Jeannie','jwhitta97@mediafire.com','450-833-5704',0),(333,'Gerhardt','gatkyns98@deviantart.com','835-695-4324',1),(334,'Dolli','dfrascone99@cisco.com','114-515-7453',1),(335,'Morgun','mbaine9a@si.edu','582-844-1830',0),(336,'Lorianne','ldowles9b@usatoday.com','156-538-5252',0),(337,'Blanche','bkidby9c@homestead.com','556-667-0858',0),(338,'Richie','rlutman9d@sfgate.com','168-276-1964',1),(339,'Casey','cjaslem9e@microsoft.com','417-468-0527',0),(340,'Shirley','sespadas9f@smugmug.com','558-752-7101',1),(341,'Albie','acoldham9g@prweb.com','965-486-3533',0),(342,'Florance','fperin9h@prweb.com','785-499-1163',1),(343,'Aubrey','aswash9i@drupal.org','815-942-8941',1),(344,'Ranique','rlammenga9j@irs.gov','865-249-6841',0),(345,'Sherman','sgummary9k@hatena.ne.jp','476-351-3018',1),(346,'Zebulen','zmcginly9l@biglobe.ne.jp','490-822-6554',0),(347,'Nickolas','nrichichi9m@g.co','443-934-5860',0),(348,'Northrup','nrenoden9n@huffingtonpost.com','706-118-7050',0),(349,'Grange','gvittery9o@tumblr.com','817-723-3492',0),(350,'Waldo','whalburton9p@w3.org','136-868-6486',1),(351,'Brocky','blouden9q@xing.com','809-712-8605',0),(352,'Brittany','bstrode9r@wikispaces.com','271-870-8831',0),(353,'Gay','gdegiorgio9s@opensource.org','763-923-5432',1),(354,'Lombard','lmcgilben9t@dailymotion.com','260-348-9985',0),(355,'Randie','rdoorly9u@chronoengine.com','483-759-6350',1),(356,'Teena','tsparkwill9v@rediff.com','573-508-7775',1),(357,'Roxy','resome9w@vkontakte.ru','626-791-2489',1),(358,'Valery','vvamplers9x@bloglovin.com','669-994-7707',0),(359,'Sara-ann','spucker9y@msn.com','489-180-1240',0),(360,'Shea','sourtic9z@icq.com','970-685-5277',1),(361,'Peria','pknoblea0@sina.com.cn','609-309-1509',1),(362,'Leroi','lbahdea1@desdev.cn','890-931-3144',1),(363,'Mathilda','mbyfforda2@yellowpages.com','386-789-4169',1),(364,'Cyrill','cdonovina3@1und1.de','985-479-9298',0),(365,'Ricoriki','rvuittea4@desdev.cn','728-927-5665',1),(366,'Barbabra','bmurrhardta5@tamu.edu','638-404-7703',0),(367,'Alvis','acrumba6@google.com.au','288-562-5151',0),(368,'Thomasin','tbraunrotha7@pinterest.com','407-780-9738',1),(369,'Theda','tkesona8@51.la','599-912-3624',0),(370,'Angela','adiamonda9@sohu.com','252-359-5245',1),(371,'Pen','pbrownswordaa@reference.com','798-838-8209',0),(372,'Tani','tfitzroyab@amazon.co.jp','209-492-7551',1),(373,'Rudd','rarnowiczac@t-online.de','459-130-7515',1),(374,'Benoite','btrevarthenad@skyrock.com','688-348-3056',1),(375,'Duncan','drichenae@shop-pro.jp','288-268-4443',0),(376,'Blakeley','brenaf@bandcamp.com','336-624-4575',1),(377,'Alasteir','aharnimanag@t-online.de','207-667-3733',1),(378,'Guss','gbonnifaceah@nhs.uk','833-930-7910',0),(379,'Malissa','mgaltoneai@amazon.co.jp','212-465-6096',0),(380,'Sara','spauloaj@baidu.com','351-874-4068',0),(381,'Gracie','gmouginak@senate.gov','196-673-5003',0),(382,'Moises','mpaulichal@wp.com','136-184-9961',1),(383,'Lorraine','lparlottam@samsung.com','298-599-3075',1),(384,'Priscilla','pplettsan@japanpost.jp','791-354-6005',1),(385,'Eziechiele','eaismanao@nature.com','426-986-5933',0),(386,'Natalie','ngreatheadap@ezinearticles.com','993-863-1726',0),(387,'Hayley','hconnowaq@yale.edu','255-932-5161',0),(388,'Hephzibah','hkeyhoar@techcrunch.com','832-403-6738',1),(389,'Laurie','lleallas@hostgator.com','585-936-8659',1),(390,'Amandi','amccuskerat@arstechnica.com','854-699-7144',1),(391,'Elvera','esimicau@a8.net','764-844-9928',1),(392,'Vivienne','vfeaverav@dion.ne.jp','391-476-6714',0),(393,'Klemens','krodolfiaw@lulu.com','802-972-2192',1),(394,'Deeyn','dmasurelax@edublogs.org','455-220-2239',0),(395,'Harri','hdewaray@sourceforge.net','220-696-4438',1),(396,'Shell','starraz@lulu.com','438-115-0207',0),(397,'Grove','goverelb0@scientificamerican.com','538-501-2590',0),(398,'Cristionna','cdaineb1@edublogs.org','805-514-4096',1),(399,'Nellie','nmitchensonb2@dell.com','167-414-2863',0),(400,'Abeu','adunsfordb3@networksolutions.com','795-426-6279',1),(401,'Eliza','eeilhertsenb4@si.edu','104-508-3423',0),(402,'Cordy','cklemencicb5@ezinearticles.com','571-359-0064',0),(403,'Rustin','rnurcombeb6@ucla.edu','576-106-6460',1),(404,'Glynn','gbowdreyb7@howstuffworks.com','758-363-3402',1),(405,'Ellette','eskeldingeb8@scribd.com','478-156-2530',0),(406,'Meredeth','mallamb9@last.fm','325-962-4711',1),(407,'Skipper','sroustba@mediafire.com','315-425-3128',1),(408,'Syman','sfairbb@reddit.com','884-122-9999',1),(409,'Wade','wwyllisbc@blogtalkradio.com','106-757-5632',0),(410,'Claudine','cmacrorybd@google.com','590-854-0560',0),(411,'Modesty','mdimitriadesbe@narod.ru','687-800-7188',0),(412,'Thor','tseegarbf@ask.com','254-287-2994',0),(413,'Martelle','mgriffithbg@hubpages.com','515-417-4590',0),(414,'Jere','jhodginsbh@geocities.com','235-735-9578',0),(415,'Hannah','hmattissonbi@behance.net','965-308-7290',0),(416,'Kelley','ktoppasbj@1und1.de','472-135-9813',0),(417,'Alleen','avidlocbk@t-online.de','645-512-5548',1),(418,'Millie','mnannininibl@google.it','331-682-9794',0),(419,'Lucio','lbilbreybm@ow.ly','808-597-6624',0),(420,'Garrik','gsanctobn@tripadvisor.com','641-583-6598',0),(421,'Jesselyn','jstorybo@pinterest.com','789-168-5797',1),(422,'Carina','cstedmondbp@webs.com','999-447-5122',0),(423,'Petr','prallingsbq@yolasite.com','752-682-8184',0),(424,'Dorthy','djoicebr@hhs.gov','454-428-0000',0),(425,'Ludwig','lsmorfitbs@trellian.com','455-657-3879',1),(426,'Karisa','kcanlandbt@jiathis.com','251-684-0555',1),(427,'Vanni','vcavozzibu@privacy.gov.au','772-434-7428',1),(428,'Devonne','dsartainbv@illinois.edu','650-210-6236',0),(429,'Tabbie','tkochlbw@wisc.edu','205-332-2522',1),(430,'Samuel','srowbottambx@ocn.ne.jp','879-714-7498',0),(431,'Thibaut','tjeandelby@statcounter.com','594-352-3962',1),(432,'Kristofer','kdergesbz@taobao.com','610-482-2744',0),(433,'Melly','mmconiec0@usa.gov','603-579-1930',1),(434,'Lou','ledlandc1@go.com','279-318-6024',1),(435,'Sapphire','scruikshankc2@qq.com','859-672-4075',0),(436,'Saloma','sllopisc3@yandex.ru','639-188-7768',1),(437,'Octavius','odowderswellc4@vimeo.com','974-762-1558',1),(438,'Julian','jbaldellic5@umich.edu','600-806-0218',1),(439,'Orsola','ogrimmc6@illinois.edu','209-571-3676',0),(440,'Giacomo','gbraksperc7@mlb.com','471-350-5449',0),(441,'Antin','aallotc8@wsj.com','506-719-8681',1),(442,'Katti','kharbyc9@who.int','768-770-5580',0),(443,'Alikee','aleathardca@imdb.com','256-937-6915',0),(444,'Dollie','dbonecb@nyu.edu','298-169-8404',1),(445,'Morten','mkingsnodecc@g.co','454-212-1261',0),(446,'Maynord','mservantecd@altervista.org','404-782-9659',0),(447,'Alicea','aschaumakerce@feedburner.com','320-800-6038',1),(448,'Rozina','rbastincf@mtv.com','589-375-6498',0),(449,'Philomena','przehorcg@wikipedia.org','775-100-3379',1),(450,'Chrisy','ctocquech@domainmarket.com','399-304-7291',1),(451,'Maxie','mharsnipeci@bandcamp.com','513-774-2040',1),(452,'Theresina','ttrudgioncj@pen.io','572-304-3513',1),(453,'Fredrick','felizabethck@51.la','507-848-4890',1),(454,'Alis','aswaffercl@biglobe.ne.jp','113-753-6308',0),(455,'Vivienne','vpattrickcm@google.es','671-701-0921',1),(456,'Job','jturviecn@hatena.ne.jp','563-994-8957',1),(457,'Armand','avenmoreco@reverbnation.com','475-431-7268',0),(458,'Mel','mhackercp@a8.net','967-297-8524',1),(459,'Merrie','mcalverdcq@google.co.uk','455-816-4082',0),(460,'Duky','dfromentcr@php.net','349-503-0901',1),(461,'Benny','bwarhurstcs@cyberchimps.com','860-745-3468',1),(462,'Arv','abergerct@1und1.de','291-145-0192',0),(463,'Kristina','ktregustcu@twitpic.com','985-365-5544',0),(464,'Felicdad','flambecv@earthlink.net','903-174-3961',0),(465,'Massimo','mheibelcw@wikia.com','364-842-1021',0),(466,'Celle','cbulfordcx@independent.co.uk','881-144-2466',0),(467,'Jermain','jbernicy@wired.com','785-462-2946',0),(468,'Vaclav','vinglefieldcz@squarespace.com','858-447-3628',0),(469,'Valentino','vtimberlaked0@typepad.com','531-571-0611',0),(470,'Jose','jqueenboroughd1@yelp.com','703-948-6174',0),(471,'Lurline','lburld2@istockphoto.com','697-286-3463',1),(472,'Eartha','ecouttsd3@wikia.com','148-611-5749',1),(473,'Gilligan','ghedaud4@tripod.com','877-476-2835',0),(474,'Evaleen','eproutd5@tripod.com','987-926-2125',1),(475,'Kristyn','krichfieldd6@dailymail.co.uk','623-328-3898',0),(476,'Brenden','bsaladind7@theguardian.com','256-858-8901',1),(477,'Cletus','cwillemand8@artisteer.com','617-120-4301',1),(478,'Lacie','lcamerellod9@free.fr','854-128-5948',1),(479,'Hurlee','hvansaltsbergda@xing.com','301-116-9019',0),(480,'Andre','abacklerdb@ow.ly','899-972-9492',0),(481,'Shelley','sdeernessdc@si.edu','296-754-7799',1),(482,'Cly','cledgarddd@drupal.org','255-696-1882',1),(483,'Broddy','bcaddiesde@youku.com','496-279-3039',1),(484,'Leena','lcordalldf@msu.edu','141-848-4977',1),(485,'Mellicent','mcrowddg@studiopress.com','929-884-2548',0),(486,'Duff','dprycedh@github.io','713-188-3839',1),(487,'Dulciana','dvamplusdi@a8.net','335-922-0153',1),(488,'Irv','iannesleydj@over-blog.com','340-755-9169',1),(489,'Daphne','dsivillsdk@va.gov','287-783-3968',1),(490,'Charissa','cmacgillespiedl@live.com','990-592-6214',1),(491,'Quintin','qmedforddm@newyorker.com','433-564-3663',0),(492,'Kaitlin','kmilhamdn@omniture.com','849-783-6220',1),(493,'Parke','ptubbsdo@theglobeandmail.com','227-719-8343',1),(494,'Margo','mindgedp@globo.com','295-644-4368',1),(495,'Jeniffer','jtuttondq@dagondesign.com','505-605-0966',0),(496,'Wynny','wedlingtondr@wikispaces.com','762-959-5886',0),(497,'Cordelie','cdangelids@godaddy.com','167-867-0233',0),(498,'Kerrin','kpretselldt@1688.com','149-168-9213',1),(499,'Melania','mjeenesdu@rakuten.co.jp','842-211-2834',0),(500,'Rodrigo','rhoulaghandv@posterous.com','330-648-0214',1),(501,'Willem','wwhettletondw@amazon.com','320-289-4743',1),(502,'Clarita','csnazledx@list-manage.com','402-316-3940',0),(503,'Ty','tlanneydy@archive.org','635-702-9701',1),(504,'Ethelbert','earthurdz@ucoz.ru','822-172-7712',1),(505,'Xavier','xdarvillee0@ibm.com','168-335-4570',0),(506,'Cecilius','ccolte1@npr.org','689-242-6264',0),(507,'Filide','fzavattierie2@nymag.com','784-365-4050',0),(508,'Rodina','rrouncee3@sina.com.cn','642-887-3662',1),(509,'Nita','nticksalle4@businesswire.com','898-407-8037',1),(510,'Abramo','acrabbe5@google.es','609-186-4720',0),(511,'Katleen','knisiuse6@eventbrite.com','810-203-4870',1),(512,'Lani','lstricklande7@dropbox.com','122-935-9353',0),(513,'Ody','ocowwelle8@behance.net','572-866-3092',1),(514,'Gwyn','ggrosee9@house.gov','905-394-1614',1),(515,'Beverly','bshakesbyeea@uol.com.br','486-304-7898',1),(516,'Brantley','bgogartyeb@si.edu','999-609-6593',1),(517,'Minor','mnieassec@jigsy.com','702-700-5529',1),(518,'Wadsworth','wlebretondelavieuvilleed@chronoengine.com','498-634-4774',1),(519,'Fidela','fwickinsee@squarespace.com','312-114-5237',0),(520,'Matthew','mberreclothef@4shared.com','331-558-8481',1),(521,'Brittani','bspawtoneg@jigsy.com','749-841-2181',1),(522,'Susy','shookeseh@thetimes.co.uk','445-398-6359',0),(523,'Janeen','jcorbinei@mac.com','724-873-9643',1),(524,'Nappie','nkhrishtafovichej@com.com','140-676-5631',1),(525,'Hartwell','hstollenhofek@i2i.jp','833-520-9712',0),(526,'Tasia','truskeel@ftc.gov','917-712-4412',1),(527,'Huey','hsoaperem@sbwire.com','798-740-9022',0),(528,'Chastity','cbrothwellen@angelfire.com','620-567-3883',1),(529,'Roze','rhoulwortheo@gravatar.com','387-360-6125',0),(530,'Rollo','rdewdneyep@csmonitor.com','217-537-5717',0),(531,'Sherline','saingelleq@examiner.com','627-549-0874',0),(532,'Ines','idownerer@clickbank.net','781-654-3408',1),(533,'Roxana','rrosebothames@amazon.de','225-190-8409',0),(534,'Daisie','dtestoet@google.com.br','248-996-6755',1),(535,'Bronnie','bbrownelleu@cornell.edu','660-432-3823',0),(536,'Norene','ndodshunev@t-online.de','464-912-5464',0),(537,'Vasilis','vedowesew@gravatar.com','760-414-2042',1),(538,'Ella','ehelinex@xinhuanet.com','550-190-2517',1),(539,'Aileen','aiddensey@indiatimes.com','952-874-8170',1),(540,'Yorke','yzywickiez@yellowbook.com','315-731-2082',1),(541,'Blisse','bpasekf0@eventbrite.com','702-515-7289',0),(542,'Tuesday','thastonf1@plala.or.jp','131-190-4772',1),(543,'Agnella','adracof2@desdev.cn','847-549-1698',0),(544,'Marlee','mmedlinf3@weebly.com','958-343-5097',1),(545,'Filberte','fcunniffef4@miitbeian.gov.cn','170-631-9288',0),(546,'Vincent','vkaesmansf5@g.co','109-347-5296',0),(547,'Sheryl','sadawayf6@gmpg.org','134-433-3929',1),(548,'Sallyann','sdreinif7@europa.eu','996-375-6485',0),(549,'Arabela','aroystef8@jigsy.com','877-998-5517',1),(550,'Filip','ffarrarf9@rakuten.co.jp','545-123-2123',0),(551,'Tonnie','tadamskifa@pinterest.com','816-818-3500',0),(552,'Germayne','gheersmafb@facebook.com','501-249-9432',1),(553,'Terrel','tkelbiefc@geocities.com','390-499-7196',0),(554,'Wilt','wcrosswaitefd@4shared.com','272-606-3134',0),(555,'Bowie','ballibonefe@cafepress.com','323-476-0889',0),(556,'Clement','cpratleyff@photobucket.com','410-145-7891',1),(557,'Creighton','cwyleyfg@unblog.fr','503-412-8891',1),(558,'Nealson','ntroughtonfh@tumblr.com','964-503-6039',1),(559,'Austen','avandenhofffi@harvard.edu','384-820-8731',1),(560,'Nettie','nghelardonifj@deliciousdays.com','131-317-0819',0),(561,'Janis','jchapirofk@barnesandnoble.com','203-411-9980',0),(562,'Yevette','ypirtfl@huffingtonpost.com','482-932-1426',1),(563,'Halley','hwattingfm@homestead.com','900-703-3339',0),(564,'Ailina','alearoydefn@tuttocitta.it','232-851-9224',1),(565,'Star','sdarkerfo@nbcnews.com','751-683-9031',0),(566,'Marti','maldenfp@cloudflare.com','107-289-0265',1),(567,'Vale','vhinnersfq@narod.ru','142-530-1986',0),(568,'Leeland','lclowleyfr@home.pl','473-335-7469',1),(569,'Verney','vblackbroughfs@pen.io','483-521-0092',0),(570,'Rickert','rguillouft@usatoday.com','878-317-5263',0),(571,'Regan','rdunckleyfu@ted.com','850-844-1485',1),(572,'Kirbee','kbessellfv@mayoclinic.com','977-874-6101',1),(573,'Emmalyn','emunghamfw@vinaora.com','478-813-4989',0),(574,'Bobbi','brembrantfx@acquirethisname.com','278-956-7196',0),(575,'Johanna','jtookefy@google.es','598-878-3355',1),(576,'Basile','bdaudrayfz@house.gov','448-743-1187',0),(577,'Dolli','dstanbridgeg0@sphinn.com','667-579-5192',0),(578,'Siward','sflellog1@diigo.com','299-573-5933',1),(579,'Con','cgirodg2@theatlantic.com','388-297-4922',1),(580,'Zackariah','zchambersg3@behance.net','430-268-5413',1),(581,'Loella','lvaughang4@ocn.ne.jp','563-637-8841',1),(582,'Norah','nharlockg5@i2i.jp','567-790-3763',1),(583,'Buffy','bandrezg6@de.vu','165-256-5037',1),(584,'Lanny','lbroeg7@godaddy.com','871-995-2025',1),(585,'Dorothea','dcoonihang8@aol.com','640-136-8033',0),(586,'Lorene','landrollig9@nyu.edu','438-241-6141',0),(587,'Simone','sgirauldga@uol.com.br','334-630-6231',0),(588,'Isidore','iwoolgergb@ovh.net','667-115-3991',0),(589,'Georgy','groundgc@rediff.com','726-576-3713',0),(590,'Samson','swrassellgd@squarespace.com','520-501-5844',0),(591,'Risa','ravrahmge@blogspot.com','982-347-6442',0),(592,'Slade','stolsongf@w3.org','604-359-6786',1),(593,'Bernard','bbarenskiegg@dion.ne.jp','825-831-0920',1),(594,'Bamby','bsiddengh@odnoklassniki.ru','131-614-6891',0),(595,'Lib','ldorneygi@odnoklassniki.ru','578-626-2711',1),(596,'Whitney','wingoldgj@narod.ru','423-908-1999',0),(597,'Blaire','bburnallgk@biblegateway.com','901-837-0767',1),(598,'Natka','nmaciunasgl@unicef.org','742-128-2371',0),(599,'Frances','fbeverstockgm@abc.net.au','489-693-8702',1),(600,'Alano','amorlandgn@usatoday.com','295-835-9198',0),(601,'Sonnie','sduboisgo@accuweather.com','842-826-6051',0),(602,'Nelli','ncrumbiegp@zdnet.com','948-713-3451',0),(603,'Evvie','ebladesgq@desdev.cn','272-675-3178',0),(604,'Leonie','llettucegr@omniture.com','127-212-6400',1),(605,'Bernhard','bdochegs@virginia.edu','653-109-5514',1),(606,'Allx','acrippillgt@technorati.com','317-108-9419',1),(607,'Theresina','tdavenhillgu@digg.com','556-537-0245',1),(608,'Tamar','tgentilgv@themeforest.net','406-688-7049',1),(609,'Evelina','eborghesegw@vkontakte.ru','871-960-9076',1),(610,'Arden','achatergx@moonfruit.com','213-110-2641',0),(611,'Lynnell','lkenworthgy@usa.gov','206-911-3591',1),(612,'Eadie','edragegz@dagondesign.com','556-512-4502',0),(613,'Oberon','ochannonh0@intel.com','143-135-1901',1),(614,'Anne','aairetonh1@china.com.cn','735-652-7844',0),(615,'Rorie','rcobelloh2@businessweek.com','741-617-4523',1),(616,'Tybie','thillatth3@alexa.com','375-876-6335',0),(617,'Guenevere','gciccottioh4@economist.com','692-958-0001',0),(618,'Owen','okuzemkah5@aboutads.info','721-723-1099',0),(619,'Alyce','agirardengoh6@ihg.com','798-925-7352',0),(620,'Gaile','gdabelh7@artisteer.com','445-217-7263',1),(621,'Susanetta','sjeppsh8@oakley.com','980-242-2150',0),(622,'Rab','rklammth9@ycombinator.com','941-387-3300',1),(623,'Abner','agheeorghieha@disqus.com','206-166-4585',1),(624,'Bonita','bfoskinhb@hugedomains.com','756-634-4131',0),(625,'Fancy','fcooplandhc@privacy.gov.au','718-489-0410',1),(626,'Anastassia','ahurdedgehd@odnoklassniki.ru','496-221-9681',0),(627,'Sofie','scescotihe@europa.eu','766-126-1471',1),(628,'Evered','eatackhf@berkeley.edu','360-682-3716',0),(629,'Burl','blabordehg@artisteer.com','540-462-1865',0),(630,'Arvie','aswansburyhh@about.me','412-801-9317',1),(631,'Alyce','aacklandshi@zdnet.com','206-762-3129',1),(632,'Sigismund','sdonohj@wikipedia.org','722-652-7644',1),(633,'Arel','akinvanhk@disqus.com','329-434-7006',0),(634,'Sue','socriganehl@deviantart.com','512-746-8479',1),(635,'Claudio','cdachshm@feedburner.com','204-686-8387',1),(636,'Lorettalorna','lloudyanhn@dedecms.com','360-251-3681',1),(637,'Daven','dmousleyho@tamu.edu','358-930-4269',1),(638,'Ethelbert','edooleyhp@japanpost.jp','558-273-9058',1),(639,'Sebastian','sarrhq@so-net.ne.jp','657-715-4640',1),(640,'Josie','jsalkildhr@weibo.com','903-979-6416',0),(641,'Chere','cmannshs@toplist.cz','209-870-9271',1),(642,'Loraine','lkunzelmannht@icio.us','285-839-6976',0),(643,'Dorrie','dgaughanhu@clickbank.net','988-236-7375',0),(644,'Silvie','sveaseyhv@independent.co.uk','708-251-8826',1),(645,'Anna-maria','aludgatehw@digg.com','588-611-0766',0),(646,'Edythe','ehessenthalerhx@xrea.com','901-413-0589',0),(647,'Kessiah','kloweyhy@gov.uk','897-257-9953',1),(648,'Agnella','apogosianhz@newyorker.com','293-170-0858',1),(649,'Murvyn','mdurstoni0@sfgate.com','729-633-2502',1),(650,'Shannan','stoali1@artisteer.com','879-615-7465',0),(651,'Farlie','fgoodsweni2@mit.edu','433-969-3187',0),(652,'Mona','mmurkini3@sfgate.com','387-326-4275',1),(653,'Brenna','bhitzschkei4@columbia.edu','501-261-2725',0),(654,'Lanie','lsoigouxi5@e-recht24.de','877-959-5196',0),(655,'Mikaela','marnoldii6@slideshare.net','864-467-2610',0),(656,'Violante','vqualtroughi7@china.com.cn','885-239-8858',1),(657,'Torie','thuxsteri8@globo.com','345-114-2976',0),(658,'Hadria','hcrookei9@stumbleupon.com','755-256-4585',0),(659,'Adelaide','amilleryia@disqus.com','981-517-6540',0),(660,'Mendy','mdurhamib@chicagotribune.com','333-223-9567',0),(661,'Elyssa','easplingic@ycombinator.com','197-377-7817',0),(662,'Ruggiero','rlettsid@foxnews.com','883-874-2824',1),(663,'Almeta','ayanukhinie@nature.com','586-977-1336',1),(664,'Hanni','hpeteriif@sogou.com','876-465-1793',0),(665,'Kerianne','kmcneachtainig@nifty.com','210-339-1160',1),(666,'Lynnette','lcaronih@vk.com','202-285-5907',0),(667,'Lelia','lbeckeii@cdc.gov','898-331-7765',0),(668,'Rebekah','rrackhamij@google.com.hk','400-804-4895',0),(669,'Mechelle','mpantingik@geocities.com','567-478-5503',1),(670,'Ronald','rbrookingil@mapy.cz','583-747-1268',0),(671,'Shelba','sphayreim@cbslocal.com','900-774-5844',1),(672,'Olly','ohymasin@guardian.co.uk','580-732-3076',1),(673,'Noach','ngrashaio@dailymotion.com','934-297-7063',1),(674,'Aluin','asmitheip@xinhuanet.com','384-872-4908',1),(675,'Irwin','iklasiq@ebay.com','331-805-1625',0),(676,'Sara','skornyshevir@jugem.jp','783-466-5180',1),(677,'Jermayne','jyellowleeis@ted.com','425-338-5898',0),(678,'Sherry','sbrendekeit@networksolutions.com','290-188-7561',1),(679,'Lucila','ltameiu@deliciousdays.com','538-382-7148',0),(680,'Ailbert','ahollidgeiv@ucoz.com','521-493-9499',1),(681,'Richmound','rcrosthwaiteiw@umich.edu','635-895-2753',1),(682,'Lauren','lcashix@histats.com','448-372-0095',0),(683,'Filide','fkubasiy@microsoft.com','905-774-6177',0),(684,'Valaria','vnanaiz@de.vu','536-883-6405',1),(685,'Marsha','medghinnj0@blogger.com','885-239-5984',0),(686,'Nonnah','nnewportj1@sitemeter.com','772-712-2292',0),(687,'Tobie','tjordesonj2@histats.com','336-461-7488',1),(688,'Tiler','tgoodhewj3@businessweek.com','510-136-8732',0),(689,'Terra','tosantj4@ocn.ne.jp','957-980-1961',0),(690,'Damara','dmccardlej5@purevolume.com','411-130-9744',1),(691,'Vlad','vpetranekj6@soundcloud.com','625-293-4073',0),(692,'Avrit','agratlandj7@msu.edu','893-183-1244',0),(693,'Barbaraanne','bdohmerj8@time.com','678-429-7185',1),(694,'Rourke','rlightbournej9@japanpost.jp','498-677-5615',1),(695,'Flori','fellsburyja@xinhuanet.com','141-395-8714',1),(696,'Tiff','tshutlejb@photobucket.com','209-838-5057',0),(697,'Mathe','molohanjc@theatlantic.com','881-808-3980',1),(698,'Felizio','fwaitonjd@typepad.com','970-483-8557',0),(699,'Eachelle','emacgilpatrickje@surveymonkey.com','204-386-3820',0),(700,'Tiffani','tgarroldjf@chicagotribune.com','300-959-6258',1),(701,'Dory','dsatcheljg@acquirethisname.com','993-846-7019',0),(702,'Kara-lynn','klandyjh@reference.com','950-469-3235',0),(703,'Michaeline','mmawdji@skyrock.com','659-752-3913',0),(704,'Karalynn','kgodonjj@diigo.com','942-153-3587',1),(705,'Abigael','aokendenjk@dell.com','473-850-9700',0),(706,'Chan','cluisjl@soup.io','994-220-1311',0),(707,'Ardra','anoddingsjm@discuz.net','534-919-6483',1),(708,'Chic','candrzejakjn@wikimedia.org','506-429-0906',0),(709,'Jesus','jmatisjo@sohu.com','681-968-0584',0),(710,'Jemmie','jleyninyejp@washingtonpost.com','485-799-5416',1),(711,'Aubert','adaintyjq@time.com','595-270-8850',0),(712,'Algernon','awollandjr@mashable.com','400-718-7768',1),(713,'Amory','aridolfijs@github.com','249-109-6266',1),(714,'Bibbie','bmallockjt@illinois.edu','758-980-2106',0),(715,'Jaclyn','jhardacreju@goo.gl','111-644-5029',1),(716,'Alexander','aphelpsjv@nydailynews.com','372-834-2278',1),(717,'Ossie','olunajw@a8.net','526-418-4143',0),(718,'Holly-anne','hpaschkejx@plala.or.jp','726-311-7881',0),(719,'Bliss','bfazackerleyjy@ovh.net','541-468-3881',1),(720,'Coreen','cwadgejz@sakura.ne.jp','891-943-6093',0),(721,'Calhoun','chavercroftk0@usa.gov','598-909-0338',0),(722,'Liesa','lkellerk1@ucoz.ru','839-730-8987',0),(723,'Biddie','bliverseegek2@odnoklassniki.ru','539-117-4836',0),(724,'Ignace','ibrewoodk3@networksolutions.com','230-269-3734',0),(725,'Emmalee','etrenchk4@nsw.gov.au','810-707-5501',0),(726,'Kristofor','klarrattk5@technorati.com','413-962-0082',1),(727,'Karlee','kdeluek6@indiatimes.com','544-698-2986',0),(728,'Ivy','ipeekevoutk7@blog.com','854-191-0735',0),(729,'Davida','dpoyserk8@home.pl','767-456-1648',1),(730,'Daniel','dtoyk9@tinyurl.com','605-254-4415',1),(731,'Geri','gventriska@nifty.com','915-121-1652',1),(732,'Sybil','smaccikb@ovh.net','491-297-2013',1),(733,'Harmonia','hdannekc@godaddy.com','371-819-7748',1),(734,'Aharon','amunfordkd@marriott.com','242-525-9183',1),(735,'Frieda','foldridgeke@arizona.edu','164-364-7544',0),(736,'Kerri','kwoollinkf@usda.gov','945-384-2700',0),(737,'Emlen','ejannkg@bloglines.com','210-687-2240',0),(738,'Dinah','dpharaohkh@army.mil','683-905-5727',0),(739,'Simmonds','sgeraultki@indiegogo.com','819-336-3765',0),(740,'Clerc','cphliponkj@wikimedia.org','342-737-0427',1),(741,'Abigale','aorigankk@devhub.com','545-196-5439',0),(742,'Sarajane','sdunawaykl@nbcnews.com','203-315-7449',0),(743,'Ricki','rdrezzerkm@purevolume.com','288-968-1641',0),(744,'Karyn','klantrykn@fda.gov','930-667-1485',0),(745,'Gretal','gellwoodko@cargocollective.com','917-427-6292',1),(746,'Nikolai','njenkingkp@vkontakte.ru','559-134-5675',0),(747,'Eduardo','elisamorekq@mysql.com','878-107-3374',1),(748,'Gordan','giacapuccikr@tripod.com','713-411-7000',0),(749,'Christiana','cbowleyks@howstuffworks.com','439-633-7958',1),(750,'Hamlen','hkopeckakt@answers.com','110-455-8312',0),(751,'Nellie','nsommertonku@imdb.com','192-397-9286',1),(752,'Lona','ljoskowiczkv@macromedia.com','772-394-2362',0),(753,'Omero','opeilekw@google.com.au','229-776-1273',1),(754,'Jorge','jlodevickkx@squarespace.com','430-483-0968',1),(755,'Murial','mallottky@craigslist.org','921-295-7811',0),(756,'Sholom','sjostkz@drupal.org','103-984-3429',0),(757,'Dorelia','delsopl0@exblog.jp','761-845-5605',1),(758,'Davie','ddawidl1@columbia.edu','410-851-5924',1),(759,'Tamra','thabberjaml2@smh.com.au','214-564-4211',1),(760,'Mersey','mbloxaml3@etsy.com','697-353-9077',1),(761,'Iggy','ideathl4@hc360.com','978-128-3933',0),(762,'Heloise','hjamesonl5@reverbnation.com','319-959-3441',1),(763,'Yelena','ytaggertl6@paypal.com','961-299-8726',0),(764,'Cassie','cmoonl7@google.de','167-726-9367',1),(765,'Morgen','mottonl8@businessweek.com','215-728-2584',0),(766,'Phillis','pissettl9@cdc.gov','791-783-1293',1),(767,'Zechariah','zmckailela@arizona.edu','697-778-6177',1),(768,'Lexie','lbraznelllb@ebay.com','545-384-5216',1),(769,'Dom','drootlc@drupal.org','552-998-1048',0),(770,'Ardine','abrittenld@harvard.edu','722-373-6235',1),(771,'Celka','cleathersle@tinyurl.com','370-838-4514',1),(772,'Dusty','dgilbeartlf@npr.org','205-303-4403',1),(773,'Marni','mroseboroughlg@merriam-webster.com','656-507-4144',0),(774,'Rosemonde','rlaurischlh@yolasite.com','224-957-9283',0),(775,'Ly','lbramfordli@parallels.com','574-369-1589',1),(776,'Hendrik','hgervaiselj@thetimes.co.uk','302-711-3056',1),(777,'Rocky','rtillotlk@jalbum.net','562-107-7629',0),(778,'Bone','bnouchll@unc.edu','149-200-5736',0),(779,'Kingston','kyaknovlm@state.tx.us','998-708-3310',1),(780,'Yorgo','ybrundallln@mapquest.com','292-557-7891',1),(781,'Doti','dyakushkevlo@usda.gov','193-852-9518',0),(782,'Luigi','lprendergrasslp@cpanel.net','381-323-0787',1),(783,'Zollie','zoaklandlq@multiply.com','109-424-3052',1),(784,'Harland','hstandelllr@dell.com','781-906-3043',0),(785,'Fae','fdomanls@hatena.ne.jp','275-677-2785',0),(786,'Tuesday','tblacketlt@github.com','975-605-2363',1),(787,'Maurita','msantuslu@123-reg.co.uk','590-833-1890',0),(788,'Maiga','mgammelllv@cnn.com','675-367-9447',0),(789,'Romola','rdaynterlw@nih.gov','649-217-8713',0),(790,'Katrine','kshillslx@behance.net','620-896-7850',0),(791,'Cayla','ckinforthly@foxnews.com','360-154-3649',0),(792,'Cornall','clumsdalllz@51.la','737-291-4500',1),(793,'Rick','rcapeym0@free.fr','518-295-0812',0),(794,'Sibylle','smerrallm1@cyberchimps.com','879-850-3351',0),(795,'Carena','cbunclarkm2@loc.gov','172-644-1549',1),(796,'Barbette','byurmanovevm3@istockphoto.com','974-554-6673',1),(797,'Westbrooke','wdomeniconem4@imageshack.us','887-420-8119',0),(798,'Elladine','edjakovicm5@nifty.com','965-338-0189',0),(799,'Hammad','hroubym6@goo.ne.jp','684-827-5137',1),(800,'Salomo','sdrablem7@msu.edu','947-476-1885',0),(801,'Briano','balderwickm8@edublogs.org','593-666-0600',1),(802,'Halie','hbettonm9@ocn.ne.jp','394-213-6261',0),(803,'Candy','clovemorema@github.io','383-787-3035',1),(804,'Conan','cgewermb@e-recht24.de','730-141-4803',0),(805,'Fairlie','fivimeymc@so-net.ne.jp','865-158-3711',0),(806,'Brig','bcaddiesmd@phpbb.com','540-287-4883',0),(807,'Renard','rpairemanme@europa.eu','612-143-9822',0),(808,'Raynor','rballammf@google.co.jp','911-542-2089',1),(809,'Rickey','rplevenmg@epa.gov','699-856-4096',1),(810,'Dix','dgallifordmh@diigo.com','743-981-6133',1),(811,'Kimberlyn','kdankersleymi@nifty.com','962-624-5586',1),(812,'Francoise','flearmanmj@bloomberg.com','507-308-0431',0),(813,'Olva','oubankmk@amazon.co.jp','909-246-5862',0),(814,'Conni','ccosgryml@gizmodo.com','939-509-4054',1),(815,'Dewey','dwhewillmm@state.tx.us','817-196-6968',1),(816,'Halsey','hboddymeadmn@4shared.com','946-496-0592',1),(817,'Kakalina','klindhemo@nifty.com','747-279-3499',1),(818,'Pier','peckerymp@mapquest.com','777-735-1298',1),(819,'Gearard','gfoucarmq@cnet.com','772-631-4246',1),(820,'Michel','mcaustickmr@yahoo.com','563-653-1055',0),(821,'Perry','pworviellms@adobe.com','490-152-0038',1),(822,'Cicily','cpalphramandmt@furl.net','961-857-0673',1),(823,'Lavena','llympeniemu@i2i.jp','129-243-9666',1),(824,'Ferrell','fchingedehalsmv@nytimes.com','151-527-6360',1),(825,'Ree','rreardonmw@hubpages.com','216-681-6330',1),(826,'Roxi','rmeinsmx@microsoft.com','166-964-0214',1),(827,'Byran','bpriestnermy@wix.com','583-979-9550',0),(828,'Petronille','pdoblinmz@squarespace.com','742-710-6175',0),(829,'Mathew','mlinklatern0@indiatimes.com','102-151-3172',1),(830,'Sandy','sdingleyn1@cyberchimps.com','678-647-9344',0),(831,'Dorelia','dtouretn2@youtu.be','810-612-1628',1),(832,'Arabelle','aalflattn3@umich.edu','564-923-5501',0),(833,'Essa','egerritn4@arstechnica.com','731-920-7590',0),(834,'Giffard','gffrenchn5@unesco.org','630-486-0872',1),(835,'Palmer','pscrigmourn6@vk.com','637-692-9607',1),(836,'Byrom','bhansburyn7@soup.io','677-404-6922',0),(837,'Rene','rdunksn8@aol.com','376-554-6347',1),(838,'Thadeus','tjestecon9@icq.com','953-701-8305',0),(839,'Nico','nmicahna@biblegateway.com','311-530-8576',1),(840,'Kerby','klogesnb@deviantart.com','668-704-6990',1),(841,'Jany','jguyonnc@barnesandnoble.com','283-999-9297',0),(842,'Spence','ssancroftnd@booking.com','520-191-1999',0),(843,'Randa','rgladdifhne@e-recht24.de','727-747-4844',1),(844,'Kelley','kraisonnf@vk.com','511-436-4594',1),(845,'Allyn','aodoghertyng@fastcompany.com','464-961-3948',0),(846,'Wilone','wwogdennh@123-reg.co.uk','463-642-0346',0),(847,'Alasteir','aharlyni@drupal.org','644-557-2606',1),(848,'Leeann','lgainforthnj@issuu.com','572-373-7257',1),(849,'Tandie','tmeyricknk@lycos.com','995-109-1703',0),(850,'Celie','cpomfrettnl@ftc.gov','333-113-1514',0),(851,'Karil','kethelstonenm@woothemes.com','994-645-3839',1),(852,'Leicester','loldreynn@mediafire.com','309-223-5156',1),(853,'Arlena','asaladinno@csmonitor.com','307-462-0306',0),(854,'Becki','bscocroftnp@imageshack.us','856-918-1644',1),(855,'Grata','gcyplernq@google.nl','416-858-5607',0),(856,'Josi','joflahertynr@si.edu','844-993-8027',0),(857,'Pavia','ppesseltns@yolasite.com','177-865-8565',0),(858,'Berta','bglawsopnt@icq.com','928-237-9102',1),(859,'Chelsey','chugonnetnu@wufoo.com','458-538-7428',1),(860,'Thibaut','tgrishelyovnv@surveymonkey.com','549-590-2182',1),(861,'Doralynn','dveldstranw@desdev.cn','234-909-7832',1),(862,'Kristofor','ktrobenx@rediff.com','762-857-0067',0),(863,'Jaquenetta','jlowthorpeny@youtube.com','528-313-2869',0),(864,'Andriette','afishbienz@de.vu','824-525-4796',1),(865,'Stephine','schiechioo0@japanpost.jp','379-490-2943',1),(866,'Ethelind','echastano1@gravatar.com','423-919-1974',0),(867,'Von','volleyo2@domainmarket.com','413-783-2329',1),(868,'Claiborn','ctwiddyo3@51.la','616-963-9456',0),(869,'Lief','lblamireo4@meetup.com','656-244-5774',0),(870,'Lem','lskewiso5@hhs.gov','984-116-6170',1),(871,'Binky','bredihalgho6@google.nl','742-715-8792',1),(872,'Chico','csigginso7@clickbank.net','900-797-0562',1),(873,'Latrena','lrojo8@washingtonpost.com','763-863-9670',0),(874,'Laird','ltaceyo9@jugem.jp','122-527-2924',1),(875,'Urbain','ustanningoa@cbslocal.com','470-872-7030',0),(876,'Rahal','rnucciob@scribd.com','767-372-1678',0),(877,'Taddeusz','tcreaseoc@blogs.com','661-748-2989',1),(878,'Nikolia','nbowmerod@dell.com','888-989-5960',1),(879,'Artemas','ajurewiczoe@usgs.gov','290-599-7422',1),(880,'Granger','gcaustonof@gov.uk','621-349-0646',0),(881,'Lindy','lbowersog@xinhuanet.com','580-273-8032',0),(882,'Blondy','bwoloschinskioh@answers.com','634-178-7044',0),(883,'Byrann','bphoenixoi@pinterest.com','170-709-2594',1),(884,'Erick','eneylonoj@wordpress.com','102-698-2432',0),(885,'Misha','mroddenok@livejournal.com','621-297-1915',1),(886,'Hyacinthe','hseamarkol@a8.net','548-439-0016',0),(887,'Clem','cgounodom@cargocollective.com','477-489-4511',0),(888,'Rozele','rgoodletton@slate.com','238-680-1709',0),(889,'Harcourt','hhyamsoo@wisc.edu','816-517-4906',1),(890,'Charisse','carnottop@moonfruit.com','546-553-3601',1),(891,'Gregoire','gshaleoq@yandex.ru','167-998-0719',0),(892,'Jaine','jeltuneor@spiegel.de','528-156-8947',0),(893,'Crissy','crimmingtonos@discovery.com','119-354-9850',1),(894,'Anya','aattenbroughot@bloomberg.com','184-804-1668',0),(895,'Clemmie','cjenicekou@ameblo.jp','706-435-9774',1),(896,'Ailyn','apebworthov@wikipedia.org','233-233-5093',0),(897,'Hesther','hdracheow@mac.com','833-809-8807',0),(898,'Garek','gmolineuxox@dropbox.com','814-119-5339',1),(899,'Dickie','dpachtaoy@blogger.com','697-431-3210',0),(900,'Avril','adandreaoz@smugmug.com','585-896-9826',1),(901,'Marlo','mphilipsonp0@google.ca','506-509-5954',1),(902,'Grissel','greayp1@icio.us','332-202-8083',0),(903,'Cordy','chammattp2@i2i.jp','802-569-5837',1),(904,'Christean','cscamalp3@cyberchimps.com','904-473-2734',0),(905,'Hillary','hokieranp4@ibm.com','498-961-9778',0),(906,'Joel','jtwattp5@microsoft.com','522-694-8877',1),(907,'Ellsworth','eupchurchp6@amazon.co.uk','804-227-3302',0),(908,'Helene','hrysdalep7@opensource.org','287-318-2810',1),(909,'Ida','ilyndonp8@un.org','245-794-9270',1),(910,'Benjy','bpadfieldp9@comcast.net','605-590-3158',1),(911,'Perry','pmcmeanmapa@businessinsider.com','747-828-5202',1),(912,'Federico','fscranneypb@paypal.com','641-880-0670',1),(913,'Bernetta','btossellpc@oaic.gov.au','597-429-6787',1),(914,'Dacy','dduffynpd@columbia.edu','264-548-2334',0),(915,'Joshua','jbereclothpe@360.cn','324-394-6460',1),(916,'Laura','lkimptonpf@fastcompany.com','541-494-3799',1),(917,'Lucio','lrultonpg@meetup.com','123-769-2174',0),(918,'Tarrance','targoph@freewebs.com','536-323-3315',0),(919,'Codie','calthorppi@elegantthemes.com','772-459-3538',0),(920,'Warde','wradwellpj@i2i.jp','833-456-4117',0),(921,'Aggy','aswanborrowpk@mit.edu','872-191-0531',0),(922,'Gayler','gmesshampl@bizjournals.com','506-460-3477',1),(923,'Zita','zbrimblecombpm@noaa.gov','354-251-3282',0),(924,'Jaclin','jmadgewickpn@tuttocitta.it','598-496-9018',1),(925,'Lonnie','lgiovanettipo@fastcompany.com','419-328-8383',1),(926,'Fanchette','fillingpp@photobucket.com','127-495-1320',1),(927,'Rickie','rgisbypq@ox.ac.uk','148-799-3803',1),(928,'Ewan','espencepr@usda.gov','542-643-8046',1),(929,'Sean','sdennessps@people.com.cn','265-360-6727',0),(930,'Lynn','lkitleept@smh.com.au','549-181-7166',0),(931,'Antonio','abrillpu@ameblo.jp','979-216-0793',0),(932,'Flossie','fflannpv@youku.com','105-687-3449',1),(933,'Anderson','apulteneyepw@hexun.com','690-458-3089',0),(934,'Ursa','umansuerpx@smugmug.com','402-337-0173',0),(935,'Clark','chazeldinepy@yellowpages.com','469-626-0271',1),(936,'Amalita','adallimarepz@aboutads.info','381-478-5447',0),(937,'Garry','gceschiq0@cdc.gov','751-224-0929',1),(938,'Sharron','slangwadeq1@spiegel.de','433-642-2092',1),(939,'Kalina','kaxtenq2@toplist.cz','120-845-9099',1),(940,'Garey','galcaldeq3@lycos.com','468-677-6003',1),(941,'Antin','aellswortheq4@google.fr','566-606-9351',1),(942,'Nita','ntidballq5@issuu.com','394-756-2247',1),(943,'Jedd','jjanssenq6@istockphoto.com','281-200-2659',0),(944,'Chauncey','ctowseyq7@indiatimes.com','658-337-3435',0),(945,'Gustavo','gpaveyq8@bloglines.com','650-965-9338',1),(946,'Sheridan','shughsonq9@elpais.com','433-751-0068',1),(947,'Melita','mkohnenqa@trellian.com','560-818-7079',0),(948,'Corbet','cyglesiaqb@topsy.com','398-462-0234',1),(949,'Merrie','mchamleyqc@flavors.me','299-723-7033',0),(950,'Cherilynn','cnuzztiqd@vk.com','735-408-1618',0),(951,'Nichole','ndaltryqe@buzzfeed.com','446-233-1999',0),(952,'Leela','lspightqf@un.org','494-121-1847',1),(953,'Teriann','tmoggachqg@smugmug.com','311-935-4571',1),(954,'Siffre','scratereqh@ucoz.ru','301-215-7647',0),(955,'Joy','jprestidgeqi@globo.com','981-483-4072',1),(956,'Christiano','cdavenportqj@phoca.cz','840-979-1394',1),(957,'Lefty','llittlechildqk@cdbaby.com','346-399-5187',0),(958,'Delcine','dlibbyql@alexa.com','630-793-5439',0),(959,'Merrilee','mpackerqm@unc.edu','145-723-6265',0),(960,'Ellary','estylesqn@yelp.com','290-351-4061',0),(961,'Sherie','solochanqo@nymag.com','252-330-2047',0),(962,'Ambrosio','adonglesqp@columbia.edu','995-897-6643',1),(963,'Cindee','cissacqq@sciencedaily.com','992-544-7417',1),(964,'Taber','tagostiniqr@intel.com','870-322-3153',0),(965,'Didi','ddranfieldqs@tumblr.com','367-146-6352',0),(966,'Clayton','cpendreighqt@pen.io','895-302-7121',0),(967,'Chariot','cyellqu@i2i.jp','290-132-3409',0),(968,'Rutger','rmaffeoqv@cmu.edu','256-636-0240',0),(969,'Angel','atripneyqw@webs.com','407-580-3845',1),(970,'Hewitt','hharrhyqx@joomla.org','665-122-8583',1),(971,'Edith','ebertomierqy@examiner.com','702-560-9322',0),(972,'Ginny','gwilkieqz@theguardian.com','518-590-9257',0),(973,'Vanna','vcellierr0@cloudflare.com','116-230-8640',1),(974,'Cody','cmcfadyenr1@histats.com','971-565-9077',1),(975,'Lillian','ldawnayr2@soundcloud.com','453-773-7913',0),(976,'Demetri','dforsaithr3@walmart.com','293-626-9067',1),(977,'Judye','jseccomber4@163.com','342-488-4780',0),(978,'Rebecka','rlodwickr5@hugedomains.com','706-182-0848',0),(979,'Starlene','sluckettr6@nih.gov','235-916-0883',1),(980,'Phyllis','pwaleworker7@geocities.jp','742-386-4659',0),(981,'Alisha','atunkinr8@va.gov','644-201-7205',0),(982,'Moyra','mcossinsr9@craigslist.org','386-317-6088',0),(983,'Leontyne','lgynnra@bandcamp.com','557-675-3866',1),(984,'Saraann','shamsleyrb@soundcloud.com','370-174-2749',0),(985,'Ephraim','eschankerc@cornell.edu','943-586-1768',1),(986,'Antonino','amcneerd@pen.io','870-938-5145',0),(987,'Ty','tseebertre@wp.com','697-439-6115',0),(988,'Stanwood','sruppelirf@webs.com','349-376-2959',1),(989,'Eleanora','eraffeortyrg@reference.com','607-702-2178',0),(990,'Dell','dbraybrookerh@arizona.edu','258-628-5093',0),(991,'Dorothy','ddumelowri@wufoo.com','784-961-9888',1),(992,'Theobald','tbeardshawrj@aol.com','301-628-1524',0),(993,'Collen','centwislerk@bandcamp.com','343-384-7344',0),(994,'Cristabel','cbautisterl@sun.com','916-668-7964',0),(995,'Edd','ekildayrm@mapy.cz','815-245-8158',1),(996,'Shara','stolcharrn@fc2.com','825-126-0796',0),(997,'Bethena','binnwoodro@wisc.edu','941-143-0023',0),(998,'Catlee','cjoinerrp@house.gov','423-742-6542',1),(999,'Onfroi','ogoodlakerq@shop-pro.jp','319-956-7919',0),(1000,'Somerset','smacmichaelrr@diigo.com','737-278-2180',1);
SET IDENTITY_INSERT suplidor OFF

	CREATE TABLE unidad (
	  codigo_unidad int not null identity primary key,
	  nombre_unidad varchar(7) DEFAULT NULL,
	  estado bit DEFAULT 0
	) 

SET IDENTITY_INSERT unidad ON
INSERT INTO unidad (codigo_unidad, nombre_unidad, estado) VALUES (1,'Litro',1),(2,'Libra',1),(3,'Gramo',1),(4,'Onza',1),(5,'Quintal',1),(6,'Sixpack',1),(7,'Lote',1);
SET IDENTITY_INSERT unidad OFF

CREATE TABLE venta (
  numero_factura int not null identity primary key,
  fecha date DEFAULT NULL,
  codigo_cliente int not null foreign key references cliente(codigo_cliente),
  estado bit DEFAULT 0
) 
